/*
 * bit4id-cert-dict.h: zlib preset dictionary used to inflate the certificates
 * stored on Italian CNS/eID cards personalised by Bit4id (JSign4, COSMO, NXP
 * ChipDoc). The certificate EFs hold a raw-DEFLATE stream inflated with this
 * dictionary, used as-is or cyclically rotated depending on the container tag.
 *
 * The dictionary is a concatenation of Distinguished-Name blocks of the Italian
 * accredited certification authorities (public data), included only to
 * decompress those certificates for interoperability; no ownership of the
 * dictionary content is claimed.
 *
 * Distributed as part of OpenSC under the terms below.
 *
 * This library is free software; you can redistribute it and/or
 * modify it under the terms of the GNU Lesser General Public
 * License as published by the Free Software Foundation; either
 * version 2.1 of the License, or (at your option) any later version.
 *
 * This library is distributed in the hope that it will be useful,
 * but WITHOUT ANY WARRANTY; without even the implied warranty of
 * MERCHANTABILITY or FITNESS FOR A PARTICULAR PURPOSE.  See the GNU
 * Lesser General Public License for more details.
 *
 * You should have received a copy of the GNU Lesser General Public
 * License along with this library; if not, write to the Free Software
 * Foundation, Inc., 51 Franklin Street, Fifth Floor, Boston, MA 02110-1301 USA
 */
#ifndef _OPENSC_BIT4ID_CERT_DICT_H
#define _OPENSC_BIT4ID_CERT_DICT_H

static const unsigned char bit4id_cert_dict[] = {
	0x30, 0x82, 0x02, 0x5a, 0x30, 0x82, 0x02, 0x45, 0xa0, 0x03, 0x02, 0x01,
	0x02, 0x02, 0x01, 0x01, 0x30, 0x0d, 0x06, 0x09, 0x2a, 0x86, 0x48, 0x86,
	0xf7, 0x0d, 0x01, 0x01, 0x05, 0x05, 0x00, 0x30, 0x81, 0x83, 0x31, 0x0b,
	0x30, 0x09, 0x06, 0x03, 0x55, 0x04, 0x06, 0x13, 0x02, 0x49, 0x54, 0x31,
	0x15, 0x30, 0x13, 0x06, 0x03, 0x55, 0x04, 0x0a, 0x0c, 0x0c, 0x49, 0x4e,
	0x46, 0x4f, 0x43, 0x45, 0x52, 0x54, 0x20, 0x53, 0x50, 0x41, 0x31, 0x14,
	0x30, 0x12, 0x06, 0x03, 0x55, 0x04, 0x05, 0x13, 0x0b, 0x30, 0x37, 0x39,
	0x34, 0x35, 0x32, 0x31, 0x31, 0x30, 0x30, 0x36, 0x31, 0x22, 0x30, 0x20,
	0x06, 0x03, 0x55, 0x04, 0x0b, 0x0c, 0x19, 0x43, 0x65, 0x72, 0x74, 0x69,
	0x66, 0x69, 0x63, 0x61, 0x74, 0x6f, 0x72, 0x65, 0x20, 0x41, 0x63, 0x63,
	0x72, 0x65, 0x64, 0x69, 0x74, 0x61, 0x74, 0x6f, 0x31, 0x23, 0x30, 0x21,
	0x06, 0x03, 0x55, 0x04, 0x03, 0x0c, 0x1a, 0x49, 0x6e, 0x66, 0x6f, 0x43,
	0x65, 0x72, 0x74, 0x20, 0x46, 0x69, 0x72, 0x6d, 0x61, 0x20, 0x51, 0x75,
	0x61, 0x6c, 0x69, 0x66, 0x69, 0x63, 0x61, 0x74, 0x61, 0x30, 0x1e, 0x17,
	0x0d, 0x30, 0x37, 0x30, 0x37, 0x32, 0x30, 0x30, 0x36, 0x31, 0x37, 0x33,
	0x31, 0x5a, 0x17, 0x0d, 0x31, 0x39, 0x30, 0x37, 0x32, 0x30, 0x30, 0x36,
	0x31, 0x33, 0x33, 0x38, 0x5a, 0x30, 0x00, 0x30, 0x11, 0x30, 0x0d, 0x06,
	0x09, 0x2a, 0x86, 0x48, 0x86, 0xf7, 0x0d, 0x01, 0x01, 0x01, 0x05, 0x00,
	0x03, 0x00, 0xa3, 0x82, 0x01, 0x6f, 0x30, 0x82, 0x01, 0x6b, 0x30, 0x0f,
	0x06, 0x03, 0x55, 0x1d, 0x13, 0x01, 0x01, 0xff, 0x04, 0x05, 0x30, 0x03,
	0x01, 0x01, 0xff, 0x30, 0x58, 0x06, 0x03, 0x55, 0x1d, 0x20, 0x04, 0x51,
	0x30, 0x4f, 0x30, 0x4d, 0x06, 0x04, 0x55, 0x1d, 0x20, 0x00, 0x30, 0x45,
	0x30, 0x43, 0x06, 0x08, 0x2b, 0x06, 0x01, 0x05, 0x05, 0x07, 0x02, 0x01,
	0x16, 0x37, 0x68, 0x74, 0x74, 0x70, 0x3a, 0x2f, 0x2f, 0x77, 0x77, 0x77,
	0x2e, 0x66, 0x69, 0x72, 0x6d, 0x61, 0x2e, 0x69, 0x6e, 0x66, 0x6f, 0x63,
	0x65, 0x72, 0x74, 0x2e, 0x69, 0x74, 0x2f, 0x64, 0x6f, 0x63, 0x75, 0x6d,
	0x65, 0x6e, 0x74, 0x61, 0x7a, 0x69, 0x6f, 0x6e, 0x65, 0x2f, 0x6d, 0x61,
	0x6e, 0x75, 0x61, 0x6c, 0x69, 0x2e, 0x70, 0x68, 0x70, 0x30, 0x81, 0xa7,
	0x06, 0x03, 0x55, 0x1d, 0x1f, 0x04, 0x81, 0x9f, 0x30, 0x81, 0x9c, 0x30,
	0x81, 0x99, 0xa0, 0x81, 0x96, 0xa0, 0x81, 0x93, 0x86, 0x81, 0x90, 0x6c,
	0x64, 0x61, 0x70, 0x3a, 0x2f, 0x2f, 0x6c, 0x64, 0x61, 0x70, 0x2e, 0x69,
	0x6e, 0x66, 0x6f, 0x63, 0x65, 0x72, 0x74, 0x2e, 0x69, 0x74, 0x2f, 0x63,
	0x6e, 0x25, 0x33, 0x64, 0x49, 0x6e, 0x66, 0x6f, 0x43, 0x65, 0x72, 0x74,
	0x25, 0x32, 0x30, 0x46, 0x69, 0x72, 0x6d, 0x61, 0x25, 0x32, 0x30, 0x51,
	0x75, 0x61, 0x6c, 0x69, 0x66, 0x69, 0x63, 0x61, 0x74, 0x61, 0x2c, 0x6f,
	0x75, 0x25, 0x33, 0x64, 0x43, 0x65, 0x72, 0x74, 0x69, 0x66, 0x69, 0x63,
	0x61, 0x74, 0x6f, 0x72, 0x65, 0x25, 0x32, 0x30, 0x41, 0x63, 0x63, 0x72,
	0x65, 0x64, 0x69, 0x74, 0x61, 0x74, 0x6f, 0x2c, 0x6f, 0x25, 0x33, 0x64,
	0x49, 0x4e, 0x46, 0x4f, 0x43, 0x45, 0x52, 0x54, 0x25, 0x32, 0x30, 0x53,
	0x50, 0x41, 0x2c, 0x63, 0x25, 0x33, 0x64, 0x49, 0x54, 0x3f, 0x63, 0x65,
	0x72, 0x74, 0x69, 0x66, 0x69, 0x63, 0x61, 0x74, 0x65, 0x52, 0x65, 0x76,
	0x6f, 0x63, 0x61, 0x74, 0x69, 0x6f, 0x6e, 0x4c, 0x69, 0x73, 0x74, 0x30,
	0x0e, 0x06, 0x03, 0x55, 0x1d, 0x0f, 0x01, 0x01, 0xff, 0x04, 0x04, 0x03,
	0x02, 0x01, 0x06, 0x30, 0x25, 0x06, 0x03, 0x55, 0x1d, 0x12, 0x04, 0x1e,
	0x30, 0x1c, 0x81, 0x1a, 0x66, 0x69, 0x72, 0x6d, 0x61, 0x2e, 0x64, 0x69,
	0x67, 0x69, 0x74, 0x61, 0x6c, 0x65, 0x40, 0x69, 0x6e, 0x66, 0x6f, 0x63,
	0x65, 0x72, 0x74, 0x2e, 0x69, 0x74, 0x30, 0x1d, 0x06, 0x03, 0x55, 0x1d,
	0x0e, 0x04, 0x16, 0x04, 0x14, 0x30, 0xfc, 0x21, 0x7c, 0x7c, 0xd2, 0x7c,
	0x6d, 0xbc, 0x8c, 0xc3, 0xba, 0x13, 0x50, 0xf7, 0x7a, 0xa0, 0x2b, 0xc5,
	0xb6, 0x30, 0x0d, 0x06, 0x09, 0x2a, 0x86, 0x48, 0x86, 0xf7, 0x0d, 0x01,
	0x01, 0x05, 0x05, 0x00, 0x03, 0x00, 0x30, 0x82, 0x02, 0x5e, 0x30, 0x82,
	0x02, 0x49, 0xa0, 0x03, 0x02, 0x01, 0x02, 0x02, 0x01, 0x01, 0x30, 0x0d,
	0x06, 0x09, 0x2a, 0x86, 0x48, 0x86, 0xf7, 0x0d, 0x01, 0x01, 0x05, 0x05,
	0x00, 0x30, 0x81, 0x84, 0x31, 0x0b, 0x30, 0x09, 0x06, 0x03, 0x55, 0x04,
	0x06, 0x13, 0x02, 0x49, 0x54, 0x31, 0x15, 0x30, 0x13, 0x06, 0x03, 0x55,
	0x04, 0x0a, 0x0c, 0x0c, 0x49, 0x4e, 0x46, 0x4f, 0x43, 0x45, 0x52, 0x54,
	0x20, 0x53, 0x50, 0x41, 0x31, 0x14, 0x30, 0x12, 0x06, 0x03, 0x55, 0x04,
	0x05, 0x13, 0x0b, 0x30, 0x37, 0x39, 0x34, 0x35, 0x32, 0x31, 0x31, 0x30,
	0x30, 0x36, 0x31, 0x1b, 0x30, 0x19, 0x06, 0x03, 0x55, 0x04, 0x0b, 0x0c,
	0x12, 0x45, 0x6e, 0x74, 0x65, 0x20, 0x43, 0x65, 0x72, 0x74, 0x69, 0x66,
	0x69, 0x63, 0x61, 0x74, 0x6f, 0x72, 0x65, 0x31, 0x2b, 0x30, 0x29, 0x06,
	0x03, 0x55, 0x04, 0x03, 0x0c, 0x22, 0x49, 0x6e, 0x66, 0x6f, 0x43, 0x65,
	0x72, 0x74, 0x20, 0x53, 0x65, 0x72, 0x76, 0x69, 0x7a, 0x69, 0x20, 0x64,
	0x69, 0x20, 0x43, 0x65, 0x72, 0x74, 0x69, 0x66, 0x69, 0x63, 0x61, 0x7a,
	0x69, 0x6f, 0x6e, 0x65, 0x30, 0x1e, 0x17, 0x0d, 0x30, 0x37, 0x30, 0x37,
	0x30, 0x32, 0x30, 0x37, 0x35, 0x31, 0x33, 0x39, 0x5a, 0x17, 0x0d, 0x31,
	0x39, 0x30, 0x37, 0x30, 0x32, 0x30, 0x37, 0x34, 0x39, 0x35, 0x34, 0x5a,
	0x30, 0x00, 0x30, 0x11, 0x30, 0x0d, 0x06, 0x09, 0x2a, 0x86, 0x48, 0x86,
	0xf7, 0x0d, 0x01, 0x01, 0x01, 0x05, 0x00, 0x03, 0x00, 0xa3, 0x82, 0x01,
	0x72, 0x30, 0x82, 0x01, 0x6e, 0x30, 0x0f, 0x06, 0x03, 0x55, 0x1d, 0x13,
	0x01, 0x01, 0xff, 0x04, 0x05, 0x30, 0x03, 0x01, 0x01, 0xff, 0x30, 0x58,
	0x06, 0x03, 0x55, 0x1d, 0x20, 0x04, 0x51, 0x30, 0x4f, 0x30, 0x4d, 0x06,
	0x04, 0x55, 0x1d, 0x20, 0x00, 0x30, 0x45, 0x30, 0x43, 0x06, 0x08, 0x2b,
	0x06, 0x01, 0x05, 0x05, 0x07, 0x02, 0x01, 0x16, 0x37, 0x68, 0x74, 0x74,
	0x70, 0x3a, 0x2f, 0x2f, 0x77, 0x77, 0x77, 0x2e, 0x66, 0x69, 0x72, 0x6d,
	0x61, 0x2e, 0x69, 0x6e, 0x66, 0x6f, 0x63, 0x65, 0x72, 0x74, 0x2e, 0x69,
	0x74, 0x2f, 0x64, 0x6f, 0x63, 0x75, 0x6d, 0x65, 0x6e, 0x74, 0x61, 0x7a,
	0x69, 0x6f, 0x6e, 0x65, 0x2f, 0x6d, 0x61, 0x6e, 0x75, 0x61, 0x6c, 0x69,
	0x2e, 0x70, 0x68, 0x70, 0x30, 0x81, 0xaa, 0x06, 0x03, 0x55, 0x1d, 0x1f,
	0x04, 0x81, 0xa2, 0x30, 0x81, 0x9f, 0x30, 0x81, 0x9c, 0xa0, 0x81, 0x99,
	0xa0, 0x81, 0x96, 0x86, 0x81, 0x93, 0x6c, 0x64, 0x61, 0x70, 0x3a, 0x2f,
	0x2f, 0x6c, 0x64, 0x61, 0x70, 0x2e, 0x69, 0x6e, 0x66, 0x6f, 0x63, 0x65,
	0x72, 0x74, 0x2e, 0x69, 0x74, 0x2f, 0x63, 0x6e, 0x25, 0x33, 0x64, 0x49,
	0x6e, 0x66, 0x6f, 0x43, 0x65, 0x72, 0x74, 0x25, 0x32, 0x30, 0x53, 0x65,
	0x72, 0x76, 0x69, 0x7a, 0x69, 0x25, 0x32, 0x30, 0x64, 0x69, 0x25, 0x32,
	0x30, 0x43, 0x65, 0x72, 0x74, 0x69, 0x66, 0x69, 0x63, 0x61, 0x7a, 0x69,
	0x6f, 0x6e, 0x65, 0x2c, 0x6f, 0x75, 0x25, 0x33, 0x64, 0x45, 0x6e, 0x74,
	0x65, 0x25, 0x32, 0x30, 0x43, 0x65, 0x72, 0x74, 0x69, 0x66, 0x69, 0x63,
	0x61, 0x74, 0x6f, 0x72, 0x65, 0x2c, 0x6f, 0x25, 0x33, 0x64, 0x49, 0x4e,
	0x46, 0x4f, 0x43, 0x45, 0x52, 0x54, 0x25, 0x32, 0x30, 0x53, 0x50, 0x41,
	0x2c, 0x63, 0x25, 0x33, 0x64, 0x49, 0x54, 0x3f, 0x63, 0x65, 0x72, 0x74,
	0x69, 0x66, 0x69, 0x63, 0x61, 0x74, 0x65, 0x52, 0x65, 0x76, 0x6f, 0x63,
	0x61, 0x74, 0x69, 0x6f, 0x6e, 0x4c, 0x69, 0x73, 0x74, 0x30, 0x0e, 0x06,
	0x03, 0x55, 0x1d, 0x0f, 0x01, 0x01, 0xff, 0x04, 0x04, 0x03, 0x02, 0x01,
	0x06, 0x30, 0x25, 0x06, 0x03, 0x55, 0x1d, 0x12, 0x04, 0x1e, 0x30, 0x1c,
	0x81, 0x1a, 0x66, 0x69, 0x72, 0x6d, 0x61, 0x2e, 0x64, 0x69, 0x67, 0x69,
	0x74, 0x61, 0x6c, 0x65, 0x40, 0x69, 0x6e, 0x66, 0x6f, 0x63, 0x65, 0x72,
	0x74, 0x2e, 0x69, 0x74, 0x30, 0x1d, 0x06, 0x03, 0x55, 0x1d, 0x0e, 0x04,
	0x16, 0x04, 0x14, 0x41, 0x68, 0xe4, 0xff, 0xc7, 0x64, 0xe3, 0x14, 0x43,
	0x7f, 0x35, 0xc7, 0xec, 0x8f, 0x60, 0x39, 0x67, 0x3d, 0x3f, 0xa6, 0x30,
	0x0d, 0x06, 0x09, 0x2a, 0x86, 0x48, 0x86, 0xf7, 0x0d, 0x01, 0x01, 0x05,
	0x05, 0x00, 0x03, 0x00, 0x30, 0x82, 0x02, 0x39, 0x30, 0x82, 0x02, 0x24,
	0xa0, 0x03, 0x02, 0x01, 0x02, 0x02, 0x01, 0x01, 0x30, 0x0d, 0x06, 0x09,
	0x2a, 0x86, 0x48, 0x86, 0xf7, 0x0d, 0x01, 0x01, 0x05, 0x05, 0x00, 0x30,
	0x73, 0x31, 0x0b, 0x30, 0x09, 0x06, 0x03, 0x55, 0x04, 0x06, 0x13, 0x02,
	0x49, 0x54, 0x31, 0x15, 0x30, 0x13, 0x06, 0x03, 0x55, 0x04, 0x0a, 0x0c,
	0x0c, 0x49, 0x4e, 0x46, 0x4f, 0x43, 0x45, 0x52, 0x54, 0x20, 0x53, 0x50,
	0x41, 0x31, 0x14, 0x30, 0x12, 0x06, 0x03, 0x55, 0x04, 0x05, 0x13, 0x0b,
	0x30, 0x37, 0x39, 0x34, 0x35, 0x32, 0x31, 0x31, 0x30, 0x30, 0x36, 0x31,
	0x0c, 0x30, 0x0a, 0x06, 0x03, 0x55, 0x04, 0x0b, 0x0c, 0x03, 0x54, 0x53,
	0x41, 0x31, 0x29, 0x30, 0x27, 0x06, 0x03, 0x55, 0x04, 0x03, 0x0c, 0x20,
	0x49, 0x6e, 0x66, 0x6f, 0x43, 0x65, 0x72, 0x74, 0x20, 0x54, 0x69, 0x6d,
	0x65, 0x20, 0x53, 0x74, 0x61, 0x6d, 0x70, 0x69, 0x6e, 0x67, 0x20, 0x41,
	0x75, 0x74, 0x68, 0x6f, 0x72, 0x69, 0x74, 0x79, 0x30, 0x1e, 0x17, 0x0d,
	0x30, 0x37, 0x30, 0x37, 0x32, 0x30, 0x30, 0x36, 0x35, 0x33, 0x33, 0x35,
	0x5a, 0x17, 0x0d, 0x31, 0x39, 0x30, 0x37, 0x32, 0x30, 0x30, 0x36, 0x35,
	0x32, 0x31, 0x30, 0x5a, 0x30, 0x00, 0x30, 0x11, 0x30, 0x0d, 0x06, 0x09,
	0x2a, 0x86, 0x48, 0x86, 0xf7, 0x0d, 0x01, 0x01, 0x01, 0x05, 0x00, 0x03,
	0x00, 0xa3, 0x82, 0x01, 0x5f, 0x30, 0x82, 0x01, 0x5b, 0x30, 0x0f, 0x06,
	0x03, 0x55, 0x1d, 0x13, 0x01, 0x01, 0xff, 0x04, 0x05, 0x30, 0x03, 0x01,
	0x01, 0xff, 0x30, 0x58, 0x06, 0x03, 0x55, 0x1d, 0x20, 0x04, 0x51, 0x30,
	0x4f, 0x30, 0x4d, 0x06, 0x04, 0x55, 0x1d, 0x20, 0x00, 0x30, 0x45, 0x30,
	0x43, 0x06, 0x08, 0x2b, 0x06, 0x01, 0x05, 0x05, 0x07, 0x02, 0x01, 0x16,
	0x37, 0x68, 0x74, 0x74, 0x70, 0x3a, 0x2f, 0x2f, 0x77, 0x77, 0x77, 0x2e,
	0x66, 0x69, 0x72, 0x6d, 0x61, 0x2e, 0x69, 0x6e, 0x66, 0x6f, 0x63, 0x65,
	0x72, 0x74, 0x2e, 0x69, 0x74, 0x2f, 0x64, 0x6f, 0x63, 0x75, 0x6d, 0x65,
	0x6e, 0x74, 0x61, 0x7a, 0x69, 0x6f, 0x6e, 0x65, 0x2f, 0x6d, 0x61, 0x6e,
	0x75, 0x61, 0x6c, 0x69, 0x2e, 0x70, 0x68, 0x70, 0x30, 0x81, 0x97, 0x06,
	0x03, 0x55, 0x1d, 0x1f, 0x04, 0x81, 0x8f, 0x30, 0x81, 0x8c, 0x30, 0x81,
	0x89, 0xa0, 0x81, 0x86, 0xa0, 0x81, 0x83, 0x86, 0x81, 0x80, 0x6c, 0x64,
	0x61, 0x70, 0x3a, 0x2f, 0x2f, 0x6c, 0x64, 0x61, 0x70, 0x2e, 0x69, 0x6e,
	0x66, 0x6f, 0x63, 0x65, 0x72, 0x74, 0x2e, 0x69, 0x74, 0x2f, 0x63, 0x6e,
	0x25, 0x33, 0x64, 0x49, 0x6e, 0x66, 0x6f, 0x43, 0x65, 0x72, 0x74, 0x25,
	0x32, 0x30, 0x54, 0x69, 0x6d, 0x65, 0x25, 0x32, 0x30, 0x53, 0x74, 0x61,
	0x6d, 0x70, 0x69, 0x6e, 0x67, 0x25, 0x32, 0x30, 0x41, 0x75, 0x74, 0x68,
	0x6f, 0x72, 0x69, 0x74, 0x79, 0x2c, 0x6f, 0x75, 0x25, 0x33, 0x64, 0x54,
	0x53, 0x41, 0x2c, 0x6f, 0x25, 0x33, 0x64, 0x49, 0x4e, 0x46, 0x4f, 0x43,
	0x45, 0x52, 0x54, 0x25, 0x32, 0x30, 0x53, 0x50, 0x41, 0x2c, 0x63, 0x25,
	0x33, 0x64, 0x49, 0x54, 0x3f, 0x63, 0x65, 0x72, 0x74, 0x69, 0x66, 0x69,
	0x63, 0x61, 0x74, 0x65, 0x52, 0x65, 0x76, 0x6f, 0x63, 0x61, 0x74, 0x69,
	0x6f, 0x6e, 0x4c, 0x69, 0x73, 0x74, 0x30, 0x0e, 0x06, 0x03, 0x55, 0x1d,
	0x0f, 0x01, 0x01, 0xff, 0x04, 0x04, 0x03, 0x02, 0x01, 0x06, 0x30, 0x25,
	0x06, 0x03, 0x55, 0x1d, 0x12, 0x04, 0x1e, 0x30, 0x1c, 0x81, 0x1a, 0x66,
	0x69, 0x72, 0x6d, 0x61, 0x2e, 0x64, 0x69, 0x67, 0x69, 0x74, 0x61, 0x6c,
	0x65, 0x40, 0x69, 0x6e, 0x66, 0x6f, 0x63, 0x65, 0x72, 0x74, 0x2e, 0x69,
	0x74, 0x30, 0x1d, 0x06, 0x03, 0x55, 0x1d, 0x0e, 0x04, 0x16, 0x04, 0x14,
	0xa1, 0x03, 0xe7, 0x08, 0x4b, 0xec, 0x09, 0x58, 0x95, 0x52, 0x6d, 0x8f,
	0x24, 0x2d, 0x6f, 0x1e, 0x0c, 0x1a, 0x69, 0x7f, 0x30, 0x0d, 0x06, 0x09,
	0x2a, 0x86, 0x48, 0x86, 0xf7, 0x0d, 0x01, 0x01, 0x05, 0x05, 0x00, 0x03,
	0x00, 0x30, 0x82, 0x02, 0x8f, 0x30, 0x82, 0x02, 0x7a, 0xa0, 0x03, 0x02,
	0x01, 0x02, 0x02, 0x01, 0x01, 0x30, 0x0d, 0x06, 0x09, 0x2a, 0x86, 0x48,
	0x86, 0xf7, 0x0d, 0x01, 0x01, 0x05, 0x05, 0x00, 0x30, 0x81, 0x9d, 0x31,
	0x0b, 0x30, 0x09, 0x06, 0x03, 0x55, 0x04, 0x06, 0x13, 0x02, 0x49, 0x54,
	0x31, 0x18, 0x30, 0x16, 0x06, 0x03, 0x55, 0x04, 0x0a, 0x13, 0x0f, 0x49,
	0x6e, 0x66, 0x6f, 0x43, 0x61, 0x6d, 0x65, 0x72, 0x65, 0x20, 0x53, 0x43,
	0x70, 0x41, 0x31, 0x14, 0x30, 0x12, 0x06, 0x03, 0x55, 0x04, 0x05, 0x13,
	0x0b, 0x30, 0x32, 0x33, 0x31, 0x33, 0x38, 0x32, 0x31, 0x30, 0x30, 0x37,
	0x31, 0x37, 0x30, 0x35, 0x06, 0x03, 0x55, 0x04, 0x0b, 0x13, 0x2e, 0x43,
	0x65, 0x72, 0x74, 0x69, 0x66, 0x69, 0x63, 0x61, 0x74, 0x6f, 0x72, 0x65,
	0x20, 0x41, 0x63, 0x63, 0x72, 0x65, 0x64, 0x69, 0x74, 0x61, 0x74, 0x6f,
	0x20, 0x64, 0x65, 0x6c, 0x20, 0x53, 0x69, 0x73, 0x74, 0x65, 0x6d, 0x61,
	0x20, 0x43, 0x61, 0x6d, 0x65, 0x72, 0x61, 0x6c, 0x65, 0x31, 0x25, 0x30,
	0x23, 0x06, 0x03, 0x55, 0x04, 0x03, 0x13, 0x1c, 0x49, 0x6e, 0x66, 0x6f,
	0x43, 0x61, 0x6d, 0x65, 0x72, 0x65, 0x20, 0x46, 0x69, 0x72, 0x6d, 0x61,
	0x20, 0x51, 0x75, 0x61, 0x6c, 0x69, 0x66, 0x69, 0x63, 0x61, 0x74, 0x61,
	0x30, 0x1e, 0x17, 0x0d, 0x30, 0x34, 0x30, 0x33, 0x32, 0x34, 0x31, 0x35,
	0x34, 0x38, 0x35, 0x30, 0x5a, 0x17, 0x0d, 0x31, 0x36, 0x30, 0x33, 0x32,
	0x34, 0x31, 0x35, 0x34, 0x37, 0x35, 0x32, 0x5a, 0x30, 0x00, 0x30, 0x11,
	0x30, 0x0d, 0x06, 0x09, 0x2a, 0x86, 0x48, 0x86, 0xf7, 0x0d, 0x01, 0x01,
	0x01, 0x05, 0x00, 0x03, 0x00, 0xa3, 0x82, 0x01, 0x8a, 0x30, 0x82, 0x01,
	0x86, 0x30, 0x0f, 0x06, 0x03, 0x55, 0x1d, 0x13, 0x01, 0x01, 0xff, 0x04,
	0x05, 0x30, 0x03, 0x01, 0x01, 0xff, 0x30, 0x4e, 0x06, 0x03, 0x55, 0x1d,
	0x20, 0x04, 0x47, 0x30, 0x45, 0x30, 0x43, 0x06, 0x04, 0x55, 0x1d, 0x20,
	0x00, 0x30, 0x3b, 0x30, 0x39, 0x06, 0x08, 0x2b, 0x06, 0x01, 0x05, 0x05,
	0x07, 0x02, 0x01, 0x16, 0x2d, 0x68, 0x74, 0x74, 0x70, 0x3a, 0x2f, 0x2f,
	0x77, 0x77, 0x77, 0x2e, 0x63, 0x61, 0x72, 0x64, 0x2e, 0x69, 0x6e, 0x66,
	0x6f, 0x63, 0x61, 0x6d, 0x65, 0x72, 0x65, 0x2e, 0x69, 0x74, 0x2f, 0x64,
	0x6f, 0x63, 0x2f, 0x6d, 0x61, 0x6e, 0x75, 0x61, 0x6c, 0x69, 0x2e, 0x68,
	0x74, 0x6d, 0x30, 0x81, 0xca, 0x06, 0x03, 0x55, 0x1d, 0x1f, 0x04, 0x81,
	0xc2, 0x30, 0x81, 0xbf, 0x30, 0x81, 0xbc, 0xa0, 0x81, 0xb9, 0xa0, 0x81,
	0xb6, 0x86, 0x81, 0xb3, 0x6c, 0x64, 0x61, 0x70, 0x3a, 0x2f, 0x2f, 0x6c,
	0x64, 0x61, 0x70, 0x32, 0x2e, 0x69, 0x6e, 0x66, 0x6f, 0x63, 0x61, 0x6d,
	0x65, 0x72, 0x65, 0x2e, 0x69, 0x74, 0x2f, 0x63, 0x6e, 0x25, 0x33, 0x64,
	0x49, 0x6e, 0x66, 0x6f, 0x43, 0x61, 0x6d, 0x65, 0x72, 0x65, 0x25, 0x32,
	0x30, 0x46, 0x69, 0x72, 0x6d, 0x61, 0x25, 0x32, 0x30, 0x51, 0x75, 0x61,
	0x6c, 0x69, 0x66, 0x69, 0x63, 0x61, 0x74, 0x61, 0x2c, 0x6f, 0x75, 0x25,
	0x33, 0x64, 0x43, 0x65, 0x72, 0x74, 0x69, 0x66, 0x69, 0x63, 0x61, 0x74,
	0x6f, 0x72, 0x65, 0x25, 0x32, 0x30, 0x41, 0x63, 0x63, 0x72, 0x65, 0x64,
	0x69, 0x74, 0x61, 0x74, 0x6f, 0x25, 0x32, 0x30, 0x64, 0x65, 0x6c, 0x25,
	0x32, 0x30, 0x53, 0x69, 0x73, 0x74, 0x65, 0x6d, 0x61, 0x25, 0x32, 0x30,
	0x43, 0x61, 0x6d, 0x65, 0x72, 0x61, 0x6c, 0x65, 0x2c, 0x6f, 0x25, 0x33,
	0x64, 0x49, 0x6e, 0x66, 0x6f, 0x43, 0x61, 0x6d, 0x65, 0x72, 0x65, 0x25,
	0x32, 0x30, 0x53, 0x43, 0x70, 0x41, 0x2c, 0x63, 0x25, 0x33, 0x64, 0x49,
	0x54, 0x3f, 0x63, 0x65, 0x72, 0x74, 0x69, 0x66, 0x69, 0x63, 0x61, 0x74,
	0x65, 0x52, 0x65, 0x76, 0x6f, 0x63, 0x61, 0x74, 0x69, 0x6f, 0x6e, 0x4c,
	0x69, 0x73, 0x74, 0x30, 0x0e, 0x06, 0x03, 0x55, 0x1d, 0x0f, 0x01, 0x01,
	0xff, 0x04, 0x04, 0x03, 0x02, 0x01, 0x06, 0x30, 0x27, 0x06, 0x03, 0x55,
	0x1d, 0x12, 0x04, 0x20, 0x30, 0x1e, 0x81, 0x1c, 0x66, 0x69, 0x72, 0x6d,
	0x61, 0x2e, 0x64, 0x69, 0x67, 0x69, 0x74, 0x61, 0x6c, 0x65, 0x40, 0x69,
	0x6e, 0x66, 0x6f, 0x63, 0x61, 0x6d, 0x65, 0x72, 0x65, 0x2e, 0x69, 0x74,
	0x30, 0x1d, 0x06, 0x03, 0x55, 0x1d, 0x0e, 0x04, 0x16, 0x04, 0x14, 0x66,
	0x5d, 0x69, 0xc7, 0xe5, 0xe2, 0x50, 0xdc, 0x5e, 0x69, 0xe4, 0x4e, 0x4e,
	0x6e, 0x44, 0x59, 0x96, 0x91, 0xdb, 0x6b, 0x30, 0x0d, 0x06, 0x09, 0x2a,
	0x86, 0x48, 0x86, 0xf7, 0x0d, 0x01, 0x01, 0x05, 0x05, 0x00, 0x03, 0x00,
	0x30, 0x82, 0x02, 0x99, 0x30, 0x82, 0x02, 0x84, 0xa0, 0x03, 0x02, 0x01,
	0x02, 0x02, 0x01, 0x01, 0x30, 0x0d, 0x06, 0x09, 0x2a, 0x86, 0x48, 0x86,
	0xf7, 0x0d, 0x01, 0x01, 0x05, 0x05, 0x00, 0x30, 0x81, 0xa0, 0x31, 0x0b,
	0x30, 0x09, 0x06, 0x03, 0x55, 0x04, 0x06, 0x13, 0x02, 0x49, 0x54, 0x31,
	0x18, 0x30, 0x16, 0x06, 0x03, 0x55, 0x04, 0x0a, 0x13, 0x0f, 0x49, 0x6e,
	0x66, 0x6f, 0x43, 0x61, 0x6d, 0x65, 0x72, 0x65, 0x20, 0x53, 0x43, 0x70,
	0x41, 0x31, 0x14, 0x30, 0x12, 0x06, 0x03, 0x55, 0x04, 0x05, 0x13, 0x0b,
	0x30, 0x32, 0x33, 0x31, 0x33, 0x38, 0x32, 0x31, 0x30, 0x30, 0x37, 0x31,
	0x30, 0x30, 0x2e, 0x06, 0x03, 0x55, 0x04, 0x0b, 0x13, 0x27, 0x45, 0x6e,
	0x74, 0x65, 0x20, 0x43, 0x65, 0x72, 0x74, 0x69, 0x66, 0x69, 0x63, 0x61,
	0x74, 0x6f, 0x72, 0x65, 0x20, 0x64, 0x65, 0x6c, 0x20, 0x53, 0x69, 0x73,
	0x74, 0x65, 0x6d, 0x61, 0x20, 0x43, 0x61, 0x6d, 0x65, 0x72, 0x61, 0x6c,
	0x65, 0x31, 0x2f, 0x30, 0x2d, 0x06, 0x03, 0x55, 0x04, 0x03, 0x13, 0x26,
	0x49, 0x6e, 0x66, 0x6f, 0x43, 0x61, 0x6d, 0x65, 0x72, 0x65, 0x20, 0x53,
	0x65, 0x72, 0x76, 0x69, 0x7a, 0x69, 0x20, 0x64, 0x69, 0x20, 0x43, 0x65,
	0x72, 0x74, 0x69, 0x66, 0x69, 0x63, 0x61, 0x7a, 0x69, 0x6f, 0x6e, 0x65,
	0x20, 0x32, 0x30, 0x1e, 0x17, 0x0d, 0x30, 0x34, 0x30, 0x33, 0x32, 0x34,
	0x31, 0x36, 0x30, 0x33, 0x31, 0x38, 0x5a, 0x17, 0x0d, 0x31, 0x36, 0x30,
	0x33, 0x32, 0x34, 0x31, 0x36, 0x30, 0x32, 0x32, 0x39, 0x5a, 0x30, 0x00,
	0x30, 0x11, 0x30, 0x0d, 0x06, 0x09, 0x2a, 0x86, 0x48, 0x86, 0xf7, 0x0d,
	0x01, 0x01, 0x01, 0x05, 0x00, 0x03, 0x00, 0xa3, 0x82, 0x01, 0x91, 0x30,
	0x82, 0x01, 0x8d, 0x30, 0x0f, 0x06, 0x03, 0x55, 0x1d, 0x13, 0x01, 0x01,
	0xff, 0x04, 0x05, 0x30, 0x03, 0x01, 0x01, 0xff, 0x30, 0x4e, 0x06, 0x03,
	0x55, 0x1d, 0x20, 0x04, 0x47, 0x30, 0x45, 0x30, 0x43, 0x06, 0x04, 0x55,
	0x1d, 0x20, 0x00, 0x30, 0x3b, 0x30, 0x39, 0x06, 0x08, 0x2b, 0x06, 0x01,
	0x05, 0x05, 0x07, 0x02, 0x01, 0x16, 0x2d, 0x68, 0x74, 0x74, 0x70, 0x3a,
	0x2f, 0x2f, 0x77, 0x77, 0x77, 0x2e, 0x63, 0x61, 0x72, 0x64, 0x2e, 0x69,
	0x6e, 0x66, 0x6f, 0x63, 0x61, 0x6d, 0x65, 0x72, 0x65, 0x2e, 0x69, 0x74,
	0x2f, 0x64, 0x6f, 0x63, 0x2f, 0x6d, 0x61, 0x6e, 0x75, 0x61, 0x6c, 0x69,
	0x2e, 0x68, 0x74, 0x6d, 0x30, 0x81, 0xd1, 0x06, 0x03, 0x55, 0x1d, 0x1f,
	0x04, 0x81, 0xc9, 0x30, 0x81, 0xc6, 0x30, 0x81, 0xc3, 0xa0, 0x81, 0xc0,
	0xa0, 0x81, 0xbd, 0x86, 0x81, 0xba, 0x6c, 0x64, 0x61, 0x70, 0x3a, 0x2f,
	0x2f, 0x6c, 0x64, 0x61, 0x70, 0x32, 0x2e, 0x69, 0x6e, 0x66, 0x6f, 0x63,
	0x61, 0x6d, 0x65, 0x72, 0x65, 0x2e, 0x69, 0x74, 0x2f, 0x63, 0x6e, 0x25,
	0x33, 0x64, 0x49, 0x6e, 0x66, 0x6f, 0x43, 0x61, 0x6d, 0x65, 0x72, 0x65,
	0x25, 0x32, 0x30, 0x53, 0x65, 0x72, 0x76, 0x69, 0x7a, 0x69, 0x25, 0x32,
	0x30, 0x64, 0x69, 0x25, 0x32, 0x30, 0x43, 0x65, 0x72, 0x74, 0x69, 0x66,
	0x69, 0x63, 0x61, 0x7a, 0x69, 0x6f, 0x6e, 0x65, 0x25, 0x32, 0x30, 0x32,
	0x2c, 0x6f, 0x75, 0x25, 0x33, 0x64, 0x45, 0x6e, 0x74, 0x65, 0x25, 0x32,
	0x30, 0x43, 0x65, 0x72, 0x74, 0x69, 0x66, 0x69, 0x63, 0x61, 0x74, 0x6f,
	0x72, 0x65, 0x25, 0x32, 0x30, 0x64, 0x65, 0x6c, 0x25, 0x32, 0x30, 0x53,
	0x69, 0x73, 0x74, 0x65, 0x6d, 0x61, 0x25, 0x32, 0x30, 0x43, 0x61, 0x6d,
	0x65, 0x72, 0x61, 0x6c, 0x65, 0x2c, 0x6f, 0x25, 0x33, 0x64, 0x49, 0x6e,
	0x66, 0x6f, 0x43, 0x61, 0x6d, 0x65, 0x72, 0x65, 0x25, 0x32, 0x30, 0x53,
	0x43, 0x70, 0x41, 0x2c, 0x63, 0x25, 0x33, 0x64, 0x49, 0x54, 0x3f, 0x63,
	0x65, 0x72, 0x74, 0x69, 0x66, 0x69, 0x63, 0x61, 0x74, 0x65, 0x52, 0x65,
	0x76, 0x6f, 0x63, 0x61, 0x74, 0x69, 0x6f, 0x6e, 0x4c, 0x69, 0x73, 0x74,
	0x30, 0x0e, 0x06, 0x03, 0x55, 0x1d, 0x0f, 0x01, 0x01, 0xff, 0x04, 0x04,
	0x03, 0x02, 0x01, 0x06, 0x30, 0x27, 0x06, 0x03, 0x55, 0x1d, 0x12, 0x04,
	0x20, 0x30, 0x1e, 0x81, 0x1c, 0x66, 0x69, 0x72, 0x6d, 0x61, 0x2e, 0x64,
	0x69, 0x67, 0x69, 0x74, 0x61, 0x6c, 0x65, 0x40, 0x69, 0x6e, 0x66, 0x6f,
	0x63, 0x61, 0x6d, 0x65, 0x72, 0x65, 0x2e, 0x69, 0x74, 0x30, 0x1d, 0x06,
	0x03, 0x55, 0x1d, 0x0e, 0x04, 0x16, 0x04, 0x14, 0x1c, 0xb0, 0x22, 0x84,
	0x8c, 0x32, 0x1c, 0xa5, 0x9a, 0x54, 0x30, 0xbb, 0xd2, 0xa3, 0xcc, 0x2e,
	0xcd, 0xe9, 0x82, 0x60, 0x30, 0x0d, 0x06, 0x09, 0x2a, 0x86, 0x48, 0x86,
	0xf7, 0x0d, 0x01, 0x01, 0x05, 0x05, 0x00, 0x03, 0x00, 0x30, 0x82, 0x02,
	0x25, 0x30, 0x82, 0x02, 0x10, 0xa0, 0x03, 0x02, 0x01, 0x02, 0x02, 0x01,
	0x01, 0x30, 0x0d, 0x06, 0x09, 0x2a, 0x86, 0x48, 0x86, 0xf7, 0x0d, 0x01,
	0x01, 0x05, 0x05, 0x00, 0x30, 0x79, 0x31, 0x0b, 0x30, 0x09, 0x06, 0x03,
	0x55, 0x04, 0x06, 0x13, 0x02, 0x49, 0x54, 0x31, 0x12, 0x30, 0x10, 0x06,
	0x03, 0x55, 0x04, 0x0a, 0x0c, 0x09, 0x43, 0x65, 0x72, 0x74, 0x69, 0x63,
	0x6f, 0x6d, 0x6d, 0x31, 0x1a, 0x30, 0x18, 0x06, 0x03, 0x55, 0x04, 0x0b,
	0x0c, 0x11, 0x46, 0x69, 0x72, 0x6d, 0x61, 0x20, 0x51, 0x75, 0x61, 0x6c,
	0x69, 0x66, 0x69, 0x63, 0x61, 0x74, 0x61, 0x31, 0x14, 0x30, 0x12, 0x06,
	0x03, 0x55, 0x04, 0x05, 0x13, 0x0b, 0x30, 0x38, 0x30, 0x39, 0x33, 0x39,
	0x30, 0x31, 0x30, 0x30, 0x30, 0x31, 0x24, 0x30, 0x22, 0x06, 0x03, 0x55,
	0x04, 0x03, 0x0c, 0x1b, 0x43, 0x65, 0x72, 0x74, 0x69, 0x63, 0x6f, 0x6d,
	0x6d, 0x20, 0x46, 0x69, 0x72, 0x6d, 0x61, 0x20, 0x51, 0x75, 0x61, 0x6c,
	0x69, 0x66, 0x69, 0x63, 0x61, 0x74, 0x61, 0x30, 0x1e, 0x17, 0x0d, 0x30,
	0x35, 0x30, 0x39, 0x31, 0x36, 0x31, 0x36, 0x30, 0x32, 0x33, 0x35, 0x5a,
	0x17, 0x0d, 0x31, 0x37, 0x30, 0x39, 0x31, 0x36, 0x31, 0x36, 0x30, 0x31,
	0x30, 0x33, 0x5a, 0x30, 0x00, 0x30, 0x11, 0x30, 0x0d, 0x06, 0x09, 0x2a,
	0x86, 0x48, 0x86, 0xf7, 0x0d, 0x01, 0x01, 0x01, 0x05, 0x00, 0x03, 0x00,
	0xa3, 0x82, 0x01, 0x45, 0x30, 0x82, 0x01, 0x41, 0x30, 0x0f, 0x06, 0x03,
	0x55, 0x1d, 0x13, 0x01, 0x01, 0xff, 0x04, 0x05, 0x30, 0x03, 0x01, 0x01,
	0xff, 0x30, 0x38, 0x06, 0x03, 0x55, 0x1d, 0x20, 0x04, 0x31, 0x30, 0x2f,
	0x30, 0x2d, 0x06, 0x04, 0x55, 0x1d, 0x20, 0x00, 0x30, 0x25, 0x30, 0x23,
	0x06, 0x08, 0x2b, 0x06, 0x01, 0x05, 0x05, 0x07, 0x02, 0x01, 0x16, 0x17,
	0x68, 0x74, 0x74, 0x70, 0x3a, 0x2f, 0x2f, 0x77, 0x77, 0x77, 0x2e, 0x63,
	0x65, 0x72, 0x74, 0x69, 0x63, 0x6f, 0x6d, 0x6d, 0x2e, 0x69, 0x74, 0x30,
	0x81, 0x9c, 0x06, 0x03, 0x55, 0x1d, 0x1f, 0x04, 0x81, 0x94, 0x30, 0x81,
	0x91, 0x30, 0x81, 0x8e, 0xa0, 0x81, 0x8b, 0xa0, 0x81, 0x88, 0x86, 0x81,
	0x85, 0x6c, 0x64, 0x61, 0x70, 0x3a, 0x2f, 0x2f, 0x6c, 0x64, 0x61, 0x70,
	0x2e, 0x63, 0x65, 0x72, 0x74, 0x69, 0x63, 0x6f, 0x6d, 0x6d, 0x2e, 0x69,
	0x74, 0x2f, 0x63, 0x6e, 0x25, 0x33, 0x64, 0x43, 0x65, 0x72, 0x74, 0x69,
	0x63, 0x6f, 0x6d, 0x6d, 0x25, 0x32, 0x30, 0x46, 0x69, 0x72, 0x6d, 0x61,
	0x25, 0x32, 0x30, 0x51, 0x75, 0x61, 0x6c, 0x69, 0x66, 0x69, 0x63, 0x61,
	0x74, 0x61, 0x2c, 0x6f, 0x75, 0x25, 0x33, 0x64, 0x46, 0x69, 0x72, 0x6d,
	0x61, 0x25, 0x32, 0x30, 0x51, 0x75, 0x61, 0x6c, 0x69, 0x66, 0x69, 0x63,
	0x61, 0x74, 0x61, 0x2c, 0x6f, 0x25, 0x33, 0x64, 0x43, 0x65, 0x72, 0x74,
	0x69, 0x63, 0x6f, 0x6d, 0x6d, 0x2c, 0x63, 0x25, 0x33, 0x64, 0x49, 0x54,
	0x3f, 0x63, 0x65, 0x72, 0x74, 0x69, 0x66, 0x69, 0x63, 0x61, 0x74, 0x65,
	0x52, 0x65, 0x76, 0x6f, 0x63, 0x61, 0x74, 0x69, 0x6f, 0x6e, 0x4c, 0x69,
	0x73, 0x74, 0x30, 0x0e, 0x06, 0x03, 0x55, 0x1d, 0x0f, 0x01, 0x01, 0xff,
	0x04, 0x04, 0x03, 0x02, 0x01, 0x06, 0x30, 0x26, 0x06, 0x03, 0x55, 0x1d,
	0x12, 0x04, 0x1f, 0x30, 0x1d, 0x81, 0x1b, 0x66, 0x69, 0x72, 0x6d, 0x61,
	0x2e, 0x64, 0x69, 0x67, 0x69, 0x74, 0x61, 0x6c, 0x65, 0x40, 0x63, 0x65,
	0x72, 0x74, 0x69, 0x63, 0x6f, 0x6d, 0x6d, 0x2e, 0x69, 0x74, 0x30, 0x1d,
	0x06, 0x03, 0x55, 0x1d, 0x0e, 0x04, 0x16, 0x04, 0x14, 0x89, 0x0f, 0xfd,
	0xdd, 0x43, 0x7a, 0x9b, 0xf7, 0xd5, 0x27, 0x85, 0x50, 0x45, 0x37, 0xc9,
	0xaa, 0xc1, 0xd6, 0x98, 0x53, 0x30, 0x0d, 0x06, 0x09, 0x2a, 0x86, 0x48,
	0x86, 0xf7, 0x0d, 0x01, 0x01, 0x05, 0x05, 0x00, 0x03, 0x00, 0x30, 0x82,
	0x02, 0x77, 0x30, 0x82, 0x02, 0x62, 0xa0, 0x03, 0x02, 0x01, 0x02, 0x02,
	0x01, 0x01, 0x30, 0x0d, 0x06, 0x09, 0x2a, 0x86, 0x48, 0x86, 0xf7, 0x0d,
	0x01, 0x01, 0x05, 0x05, 0x00, 0x30, 0x81, 0x8f, 0x31, 0x0b, 0x30, 0x09,
	0x06, 0x03, 0x55, 0x04, 0x06, 0x13, 0x02, 0x49, 0x54, 0x31, 0x18, 0x30,
	0x16, 0x06, 0x03, 0x55, 0x04, 0x0a, 0x0c, 0x0f, 0x49, 0x6e, 0x66, 0x6f,
	0x43, 0x61, 0x6d, 0x65, 0x72, 0x65, 0x20, 0x53, 0x43, 0x70, 0x41, 0x31,
	0x14, 0x30, 0x12, 0x06, 0x03, 0x55, 0x04, 0x05, 0x13, 0x0b, 0x30, 0x32,
	0x33, 0x31, 0x33, 0x38, 0x32, 0x31, 0x30, 0x30, 0x37, 0x31, 0x21, 0x30,
	0x1f, 0x06, 0x03, 0x55, 0x04, 0x0b, 0x0c, 0x18, 0x54, 0x53, 0x41, 0x20,
	0x64, 0x65, 0x6c, 0x20, 0x53, 0x69, 0x73, 0x74, 0x65, 0x6d, 0x61, 0x20,
	0x43, 0x61, 0x6d, 0x65, 0x72, 0x61, 0x6c, 0x65, 0x31, 0x2d, 0x30, 0x2b,
	0x06, 0x03, 0x55, 0x04, 0x03, 0x0c, 0x24, 0x49, 0x6e, 0x66, 0x6f, 0x43,
	0x61, 0x6d, 0x65, 0x72, 0x65, 0x20, 0x54, 0x69, 0x6d, 0x65, 0x20, 0x53,
	0x74, 0x61, 0x6d, 0x70, 0x69, 0x6e, 0x67, 0x20, 0x41, 0x75, 0x74, 0x68,
	0x6f, 0x72, 0x69, 0x74, 0x79, 0x20, 0x33, 0x30, 0x1e, 0x17, 0x0d, 0x30,
	0x35, 0x31, 0x31, 0x30, 0x39, 0x31, 0x31, 0x34, 0x38, 0x34, 0x38, 0x5a,
	0x17, 0x0d, 0x31, 0x37, 0x31, 0x31, 0x30, 0x39, 0x31, 0x31, 0x34, 0x37,
	0x33, 0x36, 0x5a, 0x30, 0x00, 0x30, 0x11, 0x30, 0x0d, 0x06, 0x09, 0x2a,
	0x86, 0x48, 0x86, 0xf7, 0x0d, 0x01, 0x01, 0x01, 0x05, 0x00, 0x03, 0x00,
	0xa3, 0x82, 0x01, 0x80, 0x30, 0x82, 0x01, 0x7c, 0x30, 0x0f, 0x06, 0x03,
	0x55, 0x1d, 0x13, 0x01, 0x01, 0xff, 0x04, 0x05, 0x30, 0x03, 0x01, 0x01,
	0xff, 0x30, 0x50, 0x06, 0x03, 0x55, 0x1d, 0x20, 0x04, 0x49, 0x30, 0x47,
	0x30, 0x45, 0x06, 0x06, 0x2b, 0x4c, 0x0e, 0x01, 0x01, 0x01, 0x30, 0x3b,
	0x30, 0x39, 0x06, 0x08, 0x2b, 0x06, 0x01, 0x05, 0x05, 0x07, 0x02, 0x01,
	0x16, 0x2d, 0x68, 0x74, 0x74, 0x70, 0x3a, 0x2f, 0x2f, 0x77, 0x77, 0x77,
	0x2e, 0x63, 0x61, 0x72, 0x64, 0x2e, 0x69, 0x6e, 0x66, 0x6f, 0x63, 0x61,
	0x6d, 0x65, 0x72, 0x65, 0x2e, 0x69, 0x74, 0x2f, 0x64, 0x6f, 0x63, 0x2f,
	0x6d, 0x61, 0x6e, 0x75, 0x61, 0x6c, 0x69, 0x2e, 0x68, 0x74, 0x6d, 0x30,
	0x81, 0xbe, 0x06, 0x03, 0x55, 0x1d, 0x1f, 0x04, 0x81, 0xb6, 0x30, 0x81,
	0xb3, 0x30, 0x81, 0xb0, 0xa0, 0x81, 0xad, 0xa0, 0x81, 0xaa, 0x86, 0x81,
	0xa7, 0x6c, 0x64, 0x61, 0x70, 0x3a, 0x2f, 0x2f, 0x6c, 0x64, 0x61, 0x70,
	0x32, 0x2e, 0x69, 0x6e, 0x66, 0x6f, 0x63, 0x61, 0x6d, 0x65, 0x72, 0x65,
	0x2e, 0x69, 0x74, 0x2f, 0x63, 0x6e, 0x25, 0x33, 0x64, 0x49, 0x6e, 0x66,
	0x6f, 0x43, 0x61, 0x6d, 0x65, 0x72, 0x65, 0x25, 0x32, 0x30, 0x54, 0x69,
	0x6d, 0x65, 0x25, 0x32, 0x30, 0x53, 0x74, 0x61, 0x6d, 0x70, 0x69, 0x6e,
	0x67, 0x25, 0x32, 0x30, 0x41, 0x75, 0x74, 0x68, 0x6f, 0x72, 0x69, 0x74,
	0x79, 0x25, 0x32, 0x30, 0x33, 0x2c, 0x6f, 0x75, 0x25, 0x33, 0x64, 0x54,
	0x53, 0x41, 0x25, 0x32, 0x30, 0x64, 0x65, 0x6c, 0x25, 0x32, 0x30, 0x53,
	0x69, 0x73, 0x74, 0x65, 0x6d, 0x61, 0x25, 0x32, 0x30, 0x43, 0x61, 0x6d,
	0x65, 0x72, 0x61, 0x6c, 0x65, 0x2c, 0x6f, 0x25, 0x33, 0x64, 0x49, 0x6e,
	0x66, 0x6f, 0x43, 0x61, 0x6d, 0x65, 0x72, 0x65, 0x25, 0x32, 0x30, 0x53,
	0x43, 0x70, 0x41, 0x2c, 0x63, 0x25, 0x33, 0x64, 0x49, 0x54, 0x3f, 0x63,
	0x65, 0x72, 0x74, 0x69, 0x66, 0x69, 0x63, 0x61, 0x74, 0x65, 0x52, 0x65,
	0x76, 0x6f, 0x63, 0x61, 0x74, 0x69, 0x6f, 0x6e, 0x4c, 0x69, 0x73, 0x74,
	0x30, 0x0e, 0x06, 0x03, 0x55, 0x1d, 0x0f, 0x01, 0x01, 0xff, 0x04, 0x04,
	0x03, 0x02, 0x01, 0x06, 0x30, 0x27, 0x06, 0x03, 0x55, 0x1d, 0x12, 0x04,
	0x20, 0x30, 0x1e, 0x81, 0x1c, 0x66, 0x69, 0x72, 0x6d, 0x61, 0x2e, 0x64,
	0x69, 0x67, 0x69, 0x74, 0x61, 0x6c, 0x65, 0x40, 0x69, 0x6e, 0x66, 0x6f,
	0x63, 0x61, 0x6d, 0x65, 0x72, 0x65, 0x2e, 0x69, 0x74, 0x30, 0x1d, 0x06,
	0x03, 0x55, 0x1d, 0x0e, 0x04, 0x16, 0x04, 0x14, 0x93, 0xe6, 0xf1, 0xb0,
	0x5e, 0xfc, 0x5f, 0xdc, 0x0f, 0x47, 0x25, 0x59, 0xd4, 0x4e, 0x94, 0xfb,
	0xc1, 0xcf, 0xb8, 0xb9, 0x30, 0x0d, 0x06, 0x09, 0x2a, 0x86, 0x48, 0x86,
	0xf7, 0x0d, 0x01, 0x01, 0x05, 0x05, 0x00, 0x03, 0x00, 0x30, 0x82, 0x03,
	0x1c, 0x30, 0x82, 0x03, 0x07, 0xa0, 0x03, 0x02, 0x01, 0x02, 0x02, 0x02,
	0x01, 0xa8, 0x30, 0x0d, 0x06, 0x09, 0x2a, 0x86, 0x48, 0x86, 0xf7, 0x0d,
	0x01, 0x01, 0x05, 0x05, 0x00, 0x30, 0x81, 0xb5, 0x31, 0x14, 0x30, 0x12,
	0x06, 0x03, 0x55, 0x04, 0x05, 0x13, 0x0b, 0x38, 0x30, 0x30, 0x35, 0x32,
	0x35, 0x39, 0x30, 0x35, 0x38, 0x37, 0x31, 0x0b, 0x30, 0x09, 0x06, 0x03,
	0x55, 0x04, 0x06, 0x13, 0x02, 0x49, 0x54, 0x31, 0x2a, 0x30, 0x28, 0x06,
	0x03, 0x55, 0x04, 0x0a, 0x0c, 0x21, 0x43, 0x6f, 0x6e, 0x73, 0x69, 0x67,
	0x6c, 0x69, 0x6f, 0x20, 0x4e, 0x61, 0x7a, 0x69, 0x6f, 0x6e, 0x61, 0x6c,
	0x65, 0x20, 0x64, 0x65, 0x6c, 0x20, 0x4e, 0x6f, 0x74, 0x61, 0x72, 0x69,
	0x61, 0x74, 0x6f, 0x31, 0x20, 0x30, 0x1e, 0x06, 0x03, 0x55, 0x04, 0x0b,
	0x0c, 0x17, 0x53, 0x65, 0x72, 0x76, 0x69, 0x7a, 0x69, 0x6f, 0x20, 0x46,
	0x69, 0x72, 0x6d, 0x61, 0x20, 0x44, 0x69, 0x67, 0x69, 0x74, 0x61, 0x6c,
	0x65, 0x31, 0x42, 0x30, 0x40, 0x06, 0x03, 0x55, 0x04, 0x03, 0x0c, 0x39,
	0x43, 0x6f, 0x6e, 0x73, 0x69, 0x67, 0x6c, 0x69, 0x6f, 0x20, 0x4e, 0x61,
	0x7a, 0x69, 0x6f, 0x6e, 0x61, 0x6c, 0x65, 0x20, 0x64, 0x65, 0x6c, 0x20,
	0x4e, 0x6f, 0x74, 0x61, 0x72, 0x69, 0x61, 0x74, 0x6f, 0x20, 0x43, 0x65,
	0x72, 0x74, 0x69, 0x66, 0x69, 0x63, 0x61, 0x74, 0x69, 0x6f, 0x6e, 0x20,
	0x41, 0x75, 0x74, 0x68, 0x6f, 0x72, 0x69, 0x74, 0x79, 0x30, 0x1e, 0x17,
	0x0d, 0x30, 0x38, 0x30, 0x37, 0x31, 0x35, 0x31, 0x33, 0x31, 0x39, 0x34,
	0x38, 0x5a, 0x17, 0x0d, 0x32, 0x30, 0x30, 0x37, 0x31, 0x35, 0x31, 0x33,
	0x31, 0x39, 0x34, 0x38, 0x5a, 0x30, 0x00, 0x30, 0x11, 0x30, 0x0d, 0x06,
	0x09, 0x2a, 0x86, 0x48, 0x86, 0xf7, 0x0d, 0x01, 0x01, 0x01, 0x05, 0x00,
	0x03, 0x00, 0xa3, 0x82, 0x01, 0xfe, 0x30, 0x82, 0x01, 0xfa, 0x30, 0x0f,
	0x06, 0x03, 0x55, 0x1d, 0x13, 0x01, 0x01, 0xff, 0x04, 0x05, 0x30, 0x03,
	0x01, 0x01, 0xff, 0x30, 0x81, 0xa2, 0x06, 0x03, 0x55, 0x1d, 0x20, 0x04,
	0x81, 0x9a, 0x30, 0x81, 0x97, 0x30, 0x4b, 0x06, 0x0a, 0x2b, 0x06, 0x01,
	0x04, 0x01, 0xc2, 0x4e, 0x01, 0x01, 0x03, 0x30, 0x3d, 0x30, 0x3b, 0x06,
	0x08, 0x2b, 0x06, 0x01, 0x05, 0x05, 0x07, 0x02, 0x01, 0x16, 0x2f, 0x68,
	0x74, 0x74, 0x70, 0x3a, 0x2f, 0x2f, 0x63, 0x61, 0x2e, 0x6e, 0x6f, 0x74,
	0x61, 0x72, 0x69, 0x61, 0x74, 0x6f, 0x2e, 0x69, 0x74, 0x2f, 0x64, 0x6f,
	0x63, 0x75, 0x6d, 0x65, 0x6e, 0x74, 0x61, 0x7a, 0x69, 0x6f, 0x6e, 0x65,
	0x2f, 0x4d, 0x4f, 0x43, 0x4e, 0x4e, 0x2e, 0x70, 0x64, 0x66, 0x30, 0x48,
	0x06, 0x06, 0x04, 0x00, 0x8b, 0x30, 0x01, 0x01, 0x30, 0x3e, 0x30, 0x3c,
	0x06, 0x08, 0x2b, 0x06, 0x01, 0x05, 0x05, 0x07, 0x02, 0x01, 0x16, 0x30,
	0x68, 0x74, 0x74, 0x70, 0x3a, 0x2f, 0x2f, 0x63, 0x61, 0x2e, 0x6e, 0x6f,
	0x74, 0x61, 0x72, 0x69, 0x61, 0x74, 0x6f, 0x2e, 0x69, 0x74, 0x2f, 0x64,
	0x6f, 0x63, 0x75, 0x6d, 0x65, 0x6e, 0x74, 0x61, 0x7a, 0x69, 0x6f, 0x6e,
	0x65, 0x2f, 0x43, 0x50, 0x53, 0x43, 0x4e, 0x4e, 0x2e, 0x70, 0x64, 0x66,
	0x30, 0x81, 0xea, 0x06, 0x03, 0x55, 0x1d, 0x1f, 0x04, 0x81, 0xe2, 0x30,
	0x81, 0xdf, 0x30, 0x81, 0xdc, 0xa0, 0x81, 0xd9, 0xa0, 0x81, 0xd6, 0x86,
	0x81, 0xd3, 0x6c, 0x64, 0x61, 0x70, 0x3a, 0x2f, 0x2f, 0x6c, 0x64, 0x61,
	0x70, 0x2e, 0x63, 0x61, 0x2e, 0x6e, 0x6f, 0x74, 0x61, 0x72, 0x69, 0x61,
	0x74, 0x6f, 0x2e, 0x6f, 0x72, 0x67, 0x2f, 0x63, 0x6e, 0x25, 0x33, 0x64,
	0x43, 0x6f, 0x6e, 0x73, 0x69, 0x67, 0x6c, 0x69, 0x6f, 0x25, 0x32, 0x30,
	0x4e, 0x61, 0x7a, 0x69, 0x6f, 0x6e, 0x61, 0x6c, 0x65, 0x25, 0x32, 0x30,
	0x64, 0x65, 0x6c, 0x25, 0x32, 0x30, 0x4e, 0x6f, 0x74, 0x61, 0x72, 0x69,
	0x61, 0x74, 0x6f, 0x25, 0x32, 0x30, 0x43, 0x65, 0x72, 0x74, 0x69, 0x66,
	0x69, 0x63, 0x61, 0x74, 0x69, 0x6f, 0x6e, 0x25, 0x32, 0x30, 0x41, 0x75,
	0x74, 0x68, 0x6f, 0x72, 0x69, 0x74, 0x79, 0x2c, 0x6f, 0x75, 0x25, 0x33,
	0x64, 0x53, 0x65, 0x72, 0x76, 0x69, 0x7a, 0x69, 0x6f, 0x25, 0x32, 0x30,
	0x46, 0x69, 0x72, 0x6d, 0x61, 0x25, 0x32, 0x30, 0x44, 0x69, 0x67, 0x69,
	0x74, 0x61, 0x6c, 0x65, 0x2c, 0x6f, 0x25, 0x33, 0x64, 0x43, 0x6f, 0x6e,
	0x73, 0x69, 0x67, 0x6c, 0x69, 0x6f, 0x25, 0x32, 0x30, 0x4e, 0x61, 0x7a,
	0x69, 0x6f, 0x6e, 0x61, 0x6c, 0x65, 0x25, 0x32, 0x30, 0x64, 0x65, 0x6c,
	0x25, 0x32, 0x30, 0x4e, 0x6f, 0x74, 0x61, 0x72, 0x69, 0x61, 0x74, 0x6f,
	0x2c, 0x63, 0x25, 0x33, 0x64, 0x49, 0x54, 0x3f, 0x63, 0x65, 0x72, 0x74,
	0x69, 0x66, 0x69, 0x63, 0x61, 0x74, 0x65, 0x52, 0x65, 0x76, 0x6f, 0x63,
	0x61, 0x74, 0x69, 0x6f, 0x6e, 0x4c, 0x69, 0x73, 0x74, 0x30, 0x0e, 0x06,
	0x03, 0x55, 0x1d, 0x0f, 0x01, 0x01, 0xff, 0x04, 0x04, 0x03, 0x02, 0x01,
	0x06, 0x30, 0x26, 0x06, 0x03, 0x55, 0x1d, 0x12, 0x04, 0x1f, 0x30, 0x1d,
	0x81, 0x1b, 0x63, 0x65, 0x72, 0x74, 0x69, 0x66, 0x69, 0x63, 0x61, 0x7a,
	0x69, 0x6f, 0x6e, 0x65, 0x40, 0x6e, 0x6f, 0x74, 0x61, 0x72, 0x69, 0x61,
	0x74, 0x6f, 0x2e, 0x69, 0x74, 0x30, 0x1d, 0x06, 0x03, 0x55, 0x1d, 0x0e,
	0x04, 0x16, 0x04, 0x14, 0xd4, 0xce, 0x59, 0xd7, 0x98, 0xfc, 0xcf, 0xca,
	0x5a, 0xce, 0x91, 0x2f, 0xaa, 0x54, 0x41, 0x6a, 0x2e, 0x63, 0x40, 0x78,
	0x30, 0x0d, 0x06, 0x09, 0x2a, 0x86, 0x48, 0x86, 0xf7, 0x0d, 0x01, 0x01,
	0x05, 0x05, 0x00, 0x03, 0x00, 0x30, 0x82, 0x02, 0x87, 0x30, 0x82, 0x02,
	0x72, 0xa0, 0x03, 0x02, 0x01, 0x02, 0x02, 0x01, 0x09, 0x30, 0x0d, 0x06,
	0x09, 0x2a, 0x86, 0x48, 0x86, 0xf7, 0x0d, 0x01, 0x01, 0x05, 0x05, 0x00,
	0x30, 0x81, 0xa4, 0x31, 0x0b, 0x30, 0x09, 0x06, 0x03, 0x55, 0x04, 0x06,
	0x13, 0x02, 0x49, 0x54, 0x31, 0x48, 0x30, 0x46, 0x06, 0x03, 0x55, 0x04,
	0x0a, 0x0c, 0x3f, 0x43, 0x6f, 0x6e, 0x73, 0x69, 0x67, 0x6c, 0x69, 0x6f,
	0x20, 0x4e, 0x61, 0x7a, 0x69, 0x6f, 0x6e, 0x61, 0x6c, 0x65, 0x20, 0x44,
	0x6f, 0x74, 0x74, 0x6f, 0x72, 0x69, 0x20, 0x43, 0x6f, 0x6d, 0x6d, 0x65,
	0x72, 0x63, 0x69, 0x61, 0x6c, 0x69, 0x73, 0x74, 0x69, 0x20, 0x65, 0x64,
	0x20, 0x45, 0x73, 0x70, 0x65, 0x72, 0x74, 0x69, 0x20, 0x43, 0x6f, 0x6e,
	0x74, 0x61, 0x62, 0x69, 0x6c, 0x69, 0x31, 0x1a, 0x30, 0x18, 0x06, 0x03,
	0x55, 0x04, 0x0b, 0x0c, 0x11, 0x46, 0x69, 0x72, 0x6d, 0x61, 0x20, 0x51,
	0x75, 0x61, 0x6c, 0x69, 0x66, 0x69, 0x63, 0x61, 0x74, 0x61, 0x31, 0x14,
	0x30, 0x12, 0x06, 0x03, 0x55, 0x04, 0x05, 0x13, 0x0b, 0x30, 0x39, 0x37,
	0x35, 0x38, 0x39, 0x34, 0x31, 0x30, 0x30, 0x30, 0x31, 0x19, 0x30, 0x17,
	0x06, 0x03, 0x55, 0x04, 0x03, 0x0c, 0x10, 0x43, 0x65, 0x72, 0x74, 0x69,
	0x63, 0x6f, 0x6d, 0x6d, 0x20, 0x43, 0x4e, 0x44, 0x43, 0x45, 0x43, 0x30,
	0x1e, 0x17, 0x0d, 0x30, 0x38, 0x30, 0x39, 0x31, 0x32, 0x30, 0x39, 0x31,
	0x31, 0x32, 0x38, 0x5a, 0x17, 0x0d, 0x31, 0x34, 0x30, 0x39, 0x31, 0x32,
	0x31, 0x30, 0x31, 0x31, 0x32, 0x38, 0x5a, 0x30, 0x00, 0x30, 0x11, 0x30,
	0x0d, 0x06, 0x09, 0x2a, 0x86, 0x48, 0x86, 0xf7, 0x0d, 0x01, 0x01, 0x01,
	0x05, 0x00, 0x03, 0x00, 0xa3, 0x82, 0x01, 0x7b, 0x30, 0x82, 0x01, 0x77,
	0x30, 0x26, 0x06, 0x03, 0x55, 0x1d, 0x12, 0x04, 0x1f, 0x30, 0x1d, 0x81,
	0x1b, 0x66, 0x69, 0x72, 0x6d, 0x61, 0x2e, 0x64, 0x69, 0x67, 0x69, 0x74,
	0x61, 0x6c, 0x65, 0x40, 0x63, 0x65, 0x72, 0x74, 0x69, 0x63, 0x6f, 0x6d,
	0x6d, 0x2e, 0x69, 0x74, 0x30, 0x0f, 0x06, 0x03, 0x55, 0x1d, 0x13, 0x01,
	0x01, 0xff, 0x04, 0x05, 0x30, 0x03, 0x01, 0x01, 0xff, 0x30, 0x38, 0x06,
	0x03, 0x55, 0x1d, 0x20, 0x04, 0x31, 0x30, 0x2f, 0x30, 0x2d, 0x06, 0x04,
	0x55, 0x1d, 0x20, 0x00, 0x30, 0x25, 0x30, 0x23, 0x06, 0x08, 0x2b, 0x06,
	0x01, 0x05, 0x05, 0x07, 0x02, 0x01, 0x16, 0x17, 0x68, 0x74, 0x74, 0x70,
	0x3a, 0x2f, 0x2f, 0x77, 0x77, 0x77, 0x2e, 0x63, 0x65, 0x72, 0x74, 0x69,
	0x63, 0x6f, 0x6d, 0x6d, 0x2e, 0x69, 0x74, 0x30, 0x81, 0xd2, 0x06, 0x03,
	0x55, 0x1d, 0x1f, 0x04, 0x81, 0xca, 0x30, 0x81, 0xc7, 0x30, 0x81, 0xc4,
	0xa0, 0x81, 0xc1, 0xa0, 0x81, 0xbe, 0x86, 0x81, 0xbb, 0x6c, 0x64, 0x61,
	0x70, 0x3a, 0x2f, 0x2f, 0x6c, 0x64, 0x61, 0x70, 0x32, 0x2e, 0x63, 0x65,
	0x72, 0x74, 0x69, 0x63, 0x6f, 0x6d, 0x6d, 0x2e, 0x69, 0x74, 0x2f, 0x63,
	0x6e, 0x25, 0x33, 0x44, 0x43, 0x65, 0x72, 0x74, 0x69, 0x63, 0x6f, 0x6d,
	0x6d, 0x25, 0x32, 0x30, 0x43, 0x4e, 0x44, 0x43, 0x45, 0x43, 0x2c, 0x6f,
	0x75, 0x25, 0x33, 0x44, 0x46, 0x69, 0x72, 0x6d, 0x61, 0x25, 0x32, 0x30,
	0x51, 0x75, 0x61, 0x6c, 0x69, 0x66, 0x69, 0x63, 0x61, 0x74, 0x61, 0x2c,
	0x6f, 0x25, 0x33, 0x44, 0x43, 0x6f, 0x6e, 0x73, 0x69, 0x67, 0x6c, 0x69,
	0x6f, 0x25, 0x32, 0x30, 0x4e, 0x61, 0x7a, 0x69, 0x6f, 0x6e, 0x61, 0x6c,
	0x65, 0x25, 0x32, 0x30, 0x44, 0x6f, 0x74, 0x74, 0x6f, 0x72, 0x69, 0x25,
	0x32, 0x30, 0x43, 0x6f, 0x6d, 0x6d, 0x65, 0x72, 0x63, 0x69, 0x61, 0x6c,
	0x69, 0x73, 0x74, 0x69, 0x25, 0x32, 0x30, 0x65, 0x64, 0x25, 0x32, 0x30,
	0x45, 0x73, 0x70, 0x65, 0x72, 0x74, 0x69, 0x25, 0x32, 0x30, 0x43, 0x6f,
	0x6e, 0x74, 0x61, 0x62, 0x69, 0x6c, 0x69, 0x2c, 0x63, 0x25, 0x33, 0x44,
	0x49, 0x54, 0x3f, 0x63, 0x65, 0x72, 0x74, 0x69, 0x66, 0x69, 0x63, 0x61,
	0x74, 0x65, 0x72, 0x65, 0x76, 0x6f, 0x63, 0x61, 0x74, 0x69, 0x6f, 0x6e,
	0x6c, 0x69, 0x73, 0x74, 0x30, 0x0e, 0x06, 0x03, 0x55, 0x1d, 0x0f, 0x01,
	0x01, 0xff, 0x04, 0x04, 0x03, 0x02, 0x01, 0x06, 0x30, 0x1d, 0x06, 0x03,
	0x55, 0x1d, 0x0e, 0x04, 0x16, 0x04, 0x14, 0x30, 0xad, 0xb4, 0x2d, 0x1e,
	0x65, 0x9d, 0xfc, 0x85, 0x1c, 0x6a, 0xea, 0x39, 0x20, 0x3e, 0xaa, 0xdd,
	0x04, 0x75, 0x4b, 0x30, 0x0d, 0x06, 0x09, 0x2a, 0x86, 0x48, 0x86, 0xf7,
	0x0d, 0x01, 0x01, 0x05, 0x05, 0x00, 0x03, 0x00, 0x30, 0x82, 0x02, 0x5f,
	0x30, 0x82, 0x02, 0x4a, 0xa0, 0x03, 0x02, 0x01, 0x02, 0x02, 0x01, 0x01,
	0x30, 0x0d, 0x06, 0x09, 0x2a, 0x86, 0x48, 0x86, 0xf7, 0x0d, 0x01, 0x01,
	0x05, 0x05, 0x00, 0x30, 0x81, 0x8a, 0x31, 0x0b, 0x30, 0x09, 0x06, 0x03,
	0x55, 0x04, 0x06, 0x13, 0x02, 0x49, 0x54, 0x31, 0x15, 0x30, 0x13, 0x06,
	0x03, 0x55, 0x04, 0x0a, 0x13, 0x0c, 0x4c, 0x49, 0x53, 0x49, 0x54, 0x20,
	0x53, 0x2e, 0x70, 0x2e, 0x41, 0x2e, 0x31, 0x23, 0x30, 0x21, 0x06, 0x03,
	0x55, 0x04, 0x0b, 0x13, 0x1a, 0x53, 0x65, 0x72, 0x76, 0x69, 0x7a, 0x69,
	0x6f, 0x20, 0x64, 0x69, 0x20, 0x63, 0x65, 0x72, 0x74, 0x69, 0x66, 0x69,
	0x63, 0x61, 0x7a, 0x69, 0x6f, 0x6e, 0x65, 0x31, 0x3f, 0x30, 0x3d, 0x06,
	0x03, 0x55, 0x04, 0x03, 0x13, 0x36, 0x4c, 0x49, 0x53, 0x49, 0x54, 0x20,
	0x53, 0x65, 0x72, 0x76, 0x69, 0x7a, 0x69, 0x6f, 0x20, 0x64, 0x69, 0x20,
	0x63, 0x65, 0x72, 0x74, 0x69, 0x66, 0x69, 0x63, 0x61, 0x7a, 0x69, 0x6f,
	0x6e, 0x65, 0x20, 0x70, 0x65, 0x72, 0x20, 0x6c, 0x61, 0x20, 0x46, 0x69,
	0x72, 0x6d, 0x61, 0x20, 0x44, 0x69, 0x67, 0x69, 0x74, 0x61, 0x6c, 0x65,
	0x30, 0x1e, 0x17, 0x0d, 0x30, 0x34, 0x30, 0x39, 0x30, 0x32, 0x31, 0x34,
	0x32, 0x30, 0x33, 0x32, 0x5a, 0x17, 0x0d, 0x31, 0x36, 0x30, 0x39, 0x30,
	0x32, 0x31, 0x34, 0x31, 0x34, 0x34, 0x34, 0x5a, 0x30, 0x00, 0x30, 0x11,
	0x30, 0x0d, 0x06, 0x09, 0x2a, 0x86, 0x48, 0x86, 0xf7, 0x0d, 0x01, 0x01,
	0x01, 0x05, 0x00, 0x03, 0x00, 0xa3, 0x82, 0x01, 0x6d, 0x30, 0x82, 0x01,
	0x69, 0x30, 0x12, 0x06, 0x03, 0x55, 0x1d, 0x13, 0x01, 0x01, 0xff, 0x04,
	0x08, 0x30, 0x06, 0x01, 0x01, 0xff, 0x02, 0x01, 0x00, 0x30, 0x47, 0x06,
	0x03, 0x55, 0x1d, 0x20, 0x04, 0x40, 0x30, 0x3e, 0x30, 0x3c, 0x06, 0x09,
	0x2b, 0x06, 0x01, 0x04, 0x01, 0xbc, 0x6e, 0x01, 0x02, 0x30, 0x2f, 0x30,
	0x2d, 0x06, 0x08, 0x2b, 0x06, 0x01, 0x05, 0x05, 0x07, 0x02, 0x01, 0x16,
	0x21, 0x68, 0x74, 0x74, 0x70, 0x3a, 0x2f, 0x2f, 0x77, 0x77, 0x77, 0x2e,
	0x6c, 0x69, 0x73, 0x69, 0x74, 0x2e, 0x69, 0x74, 0x2f, 0x66, 0x69, 0x72,
	0x6d, 0x61, 0x64, 0x69, 0x67, 0x69, 0x74, 0x61, 0x6c, 0x65, 0x30, 0x81,
	0xda, 0x06, 0x03, 0x55, 0x1d, 0x1f, 0x04, 0x81, 0xd2, 0x30, 0x81, 0xcf,
	0x30, 0x81, 0xcc, 0xa0, 0x81, 0xc9, 0xa0, 0x81, 0xc6, 0x86, 0x81, 0xc3,
	0x6c, 0x64, 0x61, 0x70, 0x3a, 0x2f, 0x2f, 0x6c, 0x64, 0x61, 0x70, 0x2e,
	0x63, 0x72, 0x73, 0x2e, 0x6c, 0x6f, 0x6d, 0x62, 0x61, 0x72, 0x64, 0x69,
	0x61, 0x2e, 0x69, 0x74, 0x2f, 0x63, 0x6e, 0x25, 0x33, 0x64, 0x4c, 0x49,
	0x53, 0x49, 0x54, 0x25, 0x32, 0x30, 0x53, 0x65, 0x72, 0x76, 0x69, 0x7a,
	0x69, 0x6f, 0x25, 0x32, 0x30, 0x64, 0x69, 0x25, 0x32, 0x30, 0x63, 0x65,
	0x72, 0x74, 0x69, 0x66, 0x69, 0x63, 0x61, 0x7a, 0x69, 0x6f, 0x6e, 0x65,
	0x25, 0x32, 0x30, 0x70, 0x65, 0x72, 0x25, 0x32, 0x30, 0x6c, 0x61, 0x25,
	0x32, 0x30, 0x46, 0x69, 0x72, 0x6d, 0x61, 0x25, 0x32, 0x30, 0x44, 0x69,
	0x67, 0x69, 0x74, 0x61, 0x6c, 0x65, 0x2c, 0x6f, 0x75, 0x25, 0x33, 0x64,
	0x53, 0x65, 0x72, 0x76, 0x69, 0x7a, 0x69, 0x6f, 0x25, 0x32, 0x30, 0x64,
	0x69, 0x25, 0x32, 0x30, 0x63, 0x65, 0x72, 0x74, 0x69, 0x66, 0x69, 0x63,
	0x61, 0x7a, 0x69, 0x6f, 0x6e, 0x65, 0x2c, 0x6f, 0x25, 0x33, 0x64, 0x4c,
	0x49, 0x53, 0x49, 0x54, 0x25, 0x32, 0x30, 0x53, 0x2e, 0x70, 0x2e, 0x41,
	0x2e, 0x2c, 0x63, 0x25, 0x33, 0x64, 0x49, 0x54, 0x3f, 0x63, 0x65, 0x72,
	0x74, 0x69, 0x66, 0x69, 0x63, 0x61, 0x74, 0x65, 0x52, 0x65, 0x76, 0x6f,
	0x63, 0x61, 0x74, 0x69, 0x6f, 0x6e, 0x4c, 0x69, 0x73, 0x74, 0x3f, 0x62,
	0x61, 0x73, 0x65, 0x30, 0x0e, 0x06, 0x03, 0x55, 0x1d, 0x0f, 0x01, 0x01,
	0xff, 0x04, 0x04, 0x03, 0x02, 0x01, 0x06, 0x30, 0x1d, 0x06, 0x03, 0x55,
	0x1d, 0x0e, 0x04, 0x16, 0x04, 0x14, 0x50, 0x60, 0xc2, 0x83, 0x8b, 0x79,
	0xcd, 0xab, 0x72, 0x04, 0xbd, 0x98, 0x04, 0xf6, 0x5d, 0xd5, 0xe4, 0x1c,
	0x7e, 0xd1, 0x30, 0x0d, 0x06, 0x09, 0x2a, 0x86, 0x48, 0x86, 0xf7, 0x0d,
	0x01, 0x01, 0x05, 0x05, 0x00, 0x03, 0x00, 0x30, 0x82, 0x02, 0xe8, 0x30,
	0x82, 0x02, 0xd3, 0xa0, 0x03, 0x02, 0x01, 0x02, 0x02, 0x04, 0x47, 0xc2,
	0xe8, 0xcb, 0x30, 0x0d, 0x06, 0x09, 0x2a, 0x86, 0x48, 0x86, 0xf7, 0x0d,
	0x01, 0x01, 0x05, 0x05, 0x00, 0x30, 0x6f, 0x31, 0x0b, 0x30, 0x09, 0x06,
	0x03, 0x55, 0x04, 0x06, 0x13, 0x02, 0x49, 0x54, 0x31, 0x23, 0x30, 0x21,
	0x06, 0x03, 0x55, 0x04, 0x0a, 0x0c, 0x1a, 0x42, 0x61, 0x6e, 0x63, 0x61,
	0x20, 0x64, 0x27, 0x49, 0x74, 0x61, 0x6c, 0x69, 0x61, 0x2f, 0x30, 0x30,
	0x39, 0x35, 0x30, 0x35, 0x30, 0x31, 0x30, 0x30, 0x37, 0x31, 0x22, 0x30,
	0x20, 0x06, 0x03, 0x55, 0x04, 0x0b, 0x0c, 0x19, 0x53, 0x65, 0x72, 0x76,
	0x69, 0x7a, 0x69, 0x20, 0x64, 0x69, 0x20, 0x63, 0x65, 0x72, 0x74, 0x69,
	0x66, 0x69, 0x63, 0x61, 0x7a, 0x69, 0x6f, 0x6e, 0x65, 0x31, 0x17, 0x30,
	0x15, 0x06, 0x03, 0x55, 0x04, 0x03, 0x0c, 0x0e, 0x42, 0x61, 0x6e, 0x63,
	0x61, 0x20, 0x64, 0x27, 0x49, 0x74, 0x61, 0x6c, 0x69, 0x61, 0x30, 0x1e,
	0x17, 0x0d, 0x30, 0x38, 0x30, 0x32, 0x32, 0x35, 0x31, 0x35, 0x34, 0x32,
	0x30, 0x33, 0x5a, 0x17, 0x0d, 0x31, 0x38, 0x30, 0x32, 0x32, 0x35, 0x31,
	0x36, 0x31, 0x32, 0x30, 0x33, 0x5a, 0x30, 0x00, 0x30, 0x11, 0x30, 0x0d,
	0x06, 0x09, 0x2a, 0x86, 0x48, 0x86, 0xf7, 0x0d, 0x01, 0x01, 0x01, 0x05,
	0x00, 0x03, 0x00, 0xa3, 0x82, 0x02, 0x0f, 0x30, 0x82, 0x02, 0x0b, 0x30,
	0x12, 0x06, 0x03, 0x55, 0x1d, 0x13, 0x01, 0x01, 0xff, 0x04, 0x08, 0x30,
	0x06, 0x01, 0x01, 0xff, 0x02, 0x01, 0x01, 0x30, 0x0e, 0x06, 0x03, 0x55,
	0x1d, 0x0f, 0x01, 0x01, 0xff, 0x04, 0x04, 0x03, 0x02, 0x01, 0x06, 0x30,
	0x4b, 0x06, 0x03, 0x55, 0x1d, 0x20, 0x04, 0x44, 0x30, 0x42, 0x30, 0x40,
	0x06, 0x06, 0x2b, 0x4c, 0x26, 0x01, 0x01, 0x01, 0x30, 0x36, 0x30, 0x34,
	0x06, 0x08, 0x2b, 0x06, 0x01, 0x05, 0x05, 0x07, 0x02, 0x01, 0x16, 0x28,
	0x68, 0x74, 0x74, 0x70, 0x3a, 0x2f, 0x2f, 0x77, 0x77, 0x77, 0x2e, 0x62,
	0x61, 0x6e, 0x63, 0x61, 0x64, 0x69, 0x74, 0x61, 0x6c, 0x69, 0x61, 0x2e,
	0x69, 0x74, 0x2f, 0x66, 0x69, 0x72, 0x6d, 0x61, 0x64, 0x69, 0x67, 0x69,
	0x74, 0x61, 0x6c, 0x65, 0x30, 0x82, 0x01, 0x77, 0x06, 0x03, 0x55, 0x1d,
	0x1f, 0x04, 0x82, 0x01, 0x6e, 0x30, 0x82, 0x01, 0x6a, 0x30, 0x81, 0xdb,
	0xa0, 0x81, 0xd8, 0xa0, 0x81, 0xd5, 0x86, 0x81, 0x9c, 0x6c, 0x64, 0x61,
	0x70, 0x3a, 0x2f, 0x2f, 0x6c, 0x64, 0x61, 0x70, 0x2e, 0x66, 0x69, 0x72,
	0x6d, 0x61, 0x64, 0x69, 0x67, 0x69, 0x74, 0x61, 0x6c, 0x65, 0x2e, 0x62,
	0x61, 0x6e, 0x63, 0x61, 0x64, 0x69, 0x74, 0x61, 0x6c, 0x69, 0x61, 0x2e,
	0x69, 0x74, 0x2f, 0x63, 0x6e, 0x3d, 0x42, 0x61, 0x6e, 0x63, 0x61, 0x25,
	0x32, 0x30, 0x64, 0x27, 0x49, 0x74, 0x61, 0x6c, 0x69, 0x61, 0x2c, 0x6f,
	0x75, 0x3d, 0x53, 0x65, 0x72, 0x76, 0x69, 0x7a, 0x69, 0x25, 0x32, 0x30,
	0x64, 0x69, 0x25, 0x32, 0x30, 0x63, 0x65, 0x72, 0x74, 0x69, 0x66, 0x69,
	0x63, 0x61, 0x7a, 0x69, 0x6f, 0x6e, 0x65, 0x2c, 0x6f, 0x3d, 0x42, 0x61,
	0x6e, 0x63, 0x61, 0x25, 0x32, 0x30, 0x64, 0x27, 0x49, 0x74, 0x61, 0x6c,
	0x69, 0x61, 0x2f, 0x30, 0x30, 0x39, 0x35, 0x30, 0x35, 0x30, 0x31, 0x30,
	0x30, 0x37, 0x2c, 0x63, 0x3d, 0x49, 0x54, 0x3f, 0x63, 0x65, 0x72, 0x74,
	0x69, 0x66, 0x69, 0x63, 0x61, 0x74, 0x65, 0x52, 0x65, 0x76, 0x6f, 0x63,
	0x61, 0x74, 0x69, 0x6f, 0x6e, 0x4c, 0x69, 0x73, 0x74, 0x86, 0x34, 0x68,
	0x74, 0x74, 0x70, 0x3a, 0x2f, 0x2f, 0x77, 0x77, 0x77, 0x2e, 0x66, 0x69,
	0x72, 0x6d, 0x61, 0x64, 0x69, 0x67, 0x69, 0x74, 0x61, 0x6c, 0x65, 0x2e,
	0x62, 0x61, 0x6e, 0x63, 0x61, 0x64, 0x69, 0x74, 0x61, 0x6c, 0x69, 0x61,
	0x2e, 0x69, 0x74, 0x2f, 0x63, 0x72, 0x6c, 0x2f, 0x63, 0x72, 0x6c, 0x2e,
	0x63, 0x72, 0x6c, 0x30, 0x81, 0x89, 0xa0, 0x81, 0x86, 0xa0, 0x81, 0x83,
	0xa4, 0x81, 0x80, 0x30, 0x7e, 0x31, 0x0b, 0x30, 0x09, 0x06, 0x03, 0x55,
	0x04, 0x06, 0x13, 0x02, 0x49, 0x54, 0x31, 0x23, 0x30, 0x21, 0x06, 0x03,
	0x55, 0x04, 0x0a, 0x0c, 0x1a, 0x42, 0x61, 0x6e, 0x63, 0x61, 0x20, 0x64,
	0x27, 0x49, 0x74, 0x61, 0x6c, 0x69, 0x61, 0x2f, 0x30, 0x30, 0x39, 0x35,
	0x30, 0x35, 0x30, 0x31, 0x30, 0x30, 0x37, 0x31, 0x22, 0x30, 0x20, 0x06,
	0x03, 0x55, 0x04, 0x0b, 0x0c, 0x19, 0x53, 0x65, 0x72, 0x76, 0x69, 0x7a,
	0x69, 0x20, 0x64, 0x69, 0x20, 0x63, 0x65, 0x72, 0x74, 0x69, 0x66, 0x69,
	0x63, 0x61, 0x7a, 0x69, 0x6f, 0x6e, 0x65, 0x31, 0x17, 0x30, 0x15, 0x06,
	0x03, 0x55, 0x04, 0x03, 0x0c, 0x0e, 0x42, 0x61, 0x6e, 0x63, 0x61, 0x20,
	0x64, 0x27, 0x49, 0x74, 0x61, 0x6c, 0x69, 0x61, 0x31, 0x0d, 0x30, 0x0b,
	0x06, 0x03, 0x55, 0x04, 0x03, 0x0c, 0x04, 0x43, 0x52, 0x4c, 0x31, 0x30,
	0x1d, 0x06, 0x03, 0x55, 0x1d, 0x0e, 0x04, 0x16, 0x04, 0x14, 0xce, 0xde,
	0x12, 0x8c, 0xf7, 0xec, 0x00, 0xaa, 0xd3, 0x37, 0x06, 0x44, 0x2c, 0x05,
	0xe7, 0x88, 0xeb, 0xf5, 0x0f, 0x30, 0x30, 0x0d, 0x06, 0x09, 0x2a, 0x86,
	0x48, 0x86, 0xf7, 0x0d, 0x01, 0x01, 0x05, 0x05, 0x00, 0x03, 0x00, 0x30,
	0x82, 0x02, 0x3b, 0x30, 0x82, 0x02, 0x26, 0xa0, 0x03, 0x02, 0x01, 0x02,
	0x02, 0x04, 0x3b, 0x9a, 0xca, 0x01, 0x30, 0x0d, 0x06, 0x09, 0x2a, 0x86,
	0x48, 0x86, 0xf7, 0x0d, 0x01, 0x01, 0x05, 0x05, 0x00, 0x30, 0x6b, 0x31,
	0x0b, 0x30, 0x09, 0x06, 0x03, 0x55, 0x04, 0x06, 0x13, 0x02, 0x49, 0x54,
	0x31, 0x16, 0x30, 0x14, 0x06, 0x03, 0x55, 0x04, 0x0a, 0x13, 0x0d, 0x53,
	0x45, 0x43, 0x45, 0x54, 0x49, 0x20, 0x53, 0x2e, 0x70, 0x2e, 0x41, 0x2e,
	0x31, 0x0f, 0x30, 0x0d, 0x06, 0x03, 0x55, 0x04, 0x07, 0x13, 0x06, 0x4d,
	0x69, 0x6c, 0x61, 0x6e, 0x6f, 0x31, 0x33, 0x30, 0x31, 0x06, 0x03, 0x55,
	0x04, 0x03, 0x13, 0x2a, 0x53, 0x45, 0x43, 0x45, 0x54, 0x49, 0x20, 0x43,
	0x65, 0x72, 0x74, 0x69, 0x66, 0x69, 0x63, 0x61, 0x74, 0x6f, 0x72, 0x65,
	0x20, 0x70, 0x65, 0x72, 0x20, 0x6c, 0x61, 0x20, 0x66, 0x69, 0x72, 0x6d,
	0x61, 0x20, 0x64, 0x69, 0x67, 0x69, 0x74, 0x61, 0x6c, 0x65, 0x30, 0x1e,
	0x17, 0x0d, 0x30, 0x30, 0x30, 0x39, 0x31, 0x34, 0x31, 0x36, 0x30, 0x37,
	0x30, 0x30, 0x5a, 0x17, 0x0d, 0x31, 0x30, 0x30, 0x39, 0x31, 0x34, 0x32,
	0x33, 0x35, 0x39, 0x30, 0x30, 0x5a, 0x30, 0x00, 0x30, 0x11, 0x30, 0x0d,
	0x06, 0x09, 0x2a, 0x86, 0x48, 0x86, 0xf7, 0x0d, 0x01, 0x01, 0x01, 0x05,
	0x00, 0x03, 0x00, 0xa3, 0x82, 0x01, 0x66, 0x30, 0x82, 0x01, 0x62, 0x30,
	0x81, 0xb9, 0x06, 0x03, 0x55, 0x1d, 0x1f, 0x04, 0x81, 0xb1, 0x30, 0x81,
	0xae, 0x30, 0x81, 0xab, 0xa0, 0x81, 0xa8, 0xa0, 0x81, 0xa5, 0x86, 0x81,
	0xa2, 0x6c, 0x64, 0x61, 0x70, 0x3a, 0x2f, 0x2f, 0x64, 0x69, 0x72, 0x2e,
	0x66, 0x69, 0x72, 0x6d, 0x61, 0x64, 0x69, 0x67, 0x69, 0x74, 0x61, 0x6c,
	0x65, 0x2e, 0x73, 0x65, 0x63, 0x65, 0x74, 0x69, 0x2e, 0x69, 0x74, 0x2f,
	0x63, 0x6e, 0x25, 0x33, 0x44, 0x53, 0x45, 0x43, 0x45, 0x54, 0x49, 0x25,
	0x32, 0x30, 0x43, 0x65, 0x72, 0x74, 0x69, 0x66, 0x69, 0x63, 0x61, 0x74,
	0x6f, 0x72, 0x65, 0x25, 0x32, 0x30, 0x70, 0x65, 0x72, 0x25, 0x32, 0x30,
	0x6c, 0x61, 0x25, 0x32, 0x30, 0x66, 0x69, 0x72, 0x6d, 0x61, 0x25, 0x32,
	0x30, 0x64, 0x69, 0x67, 0x69, 0x74, 0x61, 0x6c, 0x65, 0x25, 0x32, 0x43,
	0x6f, 0x25, 0x33, 0x44, 0x53, 0x45, 0x43, 0x45, 0x54, 0x49, 0x25, 0x32,
	0x30, 0x53, 0x25, 0x32, 0x45, 0x70, 0x25, 0x32, 0x45, 0x41, 0x25, 0x32,
	0x45, 0x25, 0x32, 0x43, 0x63, 0x25, 0x33, 0x44, 0x49, 0x54, 0x3f, 0x63,
	0x65, 0x72, 0x74, 0x69, 0x66, 0x69, 0x63, 0x61, 0x74, 0x65, 0x52, 0x65,
	0x76, 0x6f, 0x63, 0x61, 0x74, 0x69, 0x6f, 0x6e, 0x4c, 0x69, 0x73, 0x74,
	0x3b, 0x62, 0x69, 0x6e, 0x61, 0x72, 0x79, 0x30, 0x64, 0x06, 0x03, 0x55,
	0x1d, 0x20, 0x04, 0x5d, 0x30, 0x5b, 0x30, 0x59, 0x06, 0x06, 0x2b, 0x81,
	0x0e, 0x01, 0x01, 0x01, 0x30, 0x4f, 0x30, 0x4d, 0x06, 0x08, 0x2b, 0x06,
	0x01, 0x05, 0x05, 0x07, 0x02, 0x01, 0x16, 0x41, 0x68, 0x74, 0x74, 0x70,
	0x3a, 0x2f, 0x2f, 0x77, 0x77, 0x77, 0x2e, 0x66, 0x69, 0x72, 0x6d, 0x61,
	0x64, 0x69, 0x67, 0x69, 0x74, 0x61, 0x6c, 0x65, 0x2e, 0x73, 0x65, 0x63,
	0x65, 0x74, 0x69, 0x2e, 0x69, 0x74, 0x2f, 0x4d, 0x61, 0x6e, 0x75, 0x61,
	0x6c, 0x69, 0x2f, 0x4d, 0x61, 0x6e, 0x75, 0x61, 0x6c, 0x65, 0x4f, 0x70,
	0x65, 0x72, 0x61, 0x74, 0x69, 0x76, 0x6f, 0x46, 0x44, 0x2e, 0x70, 0x64,
	0x66, 0x30, 0x1d, 0x06, 0x03, 0x55, 0x1d, 0x0e, 0x04, 0x16, 0x04, 0x14,
	0xee, 0x3b, 0x62, 0x76, 0x01, 0x3a, 0x16, 0x25, 0x5d, 0xea, 0x2d, 0xb9,
	0xf3, 0x34, 0xb0, 0x49, 0x11, 0x11, 0x79, 0x5f, 0x30, 0x0f, 0x06, 0x03,
	0x55, 0x1d, 0x13, 0x01, 0x01, 0xff, 0x04, 0x05, 0x30, 0x03, 0x01, 0x01,
	0xff, 0x30, 0x0e, 0x06, 0x03, 0x55, 0x1d, 0x0f, 0x01, 0x01, 0xff, 0x04,
	0x04, 0x03, 0x02, 0x01, 0x06, 0x30, 0x0d, 0x06, 0x09, 0x2a, 0x86, 0x48,
	0x86, 0xf7, 0x0d, 0x01, 0x01, 0x05, 0x05, 0x00, 0x03, 0x00, 0x30, 0x82,
	0x02, 0x37, 0x30, 0x82, 0x02, 0x22, 0xa0, 0x03, 0x02, 0x01, 0x02, 0x02,
	0x01, 0x01, 0x30, 0x0d, 0x06, 0x09, 0x2a, 0x86, 0x48, 0x86, 0xf7, 0x0d,
	0x01, 0x01, 0x05, 0x05, 0x00, 0x30, 0x52, 0x31, 0x0b, 0x30, 0x09, 0x06,
	0x03, 0x55, 0x04, 0x06, 0x13, 0x02, 0x49, 0x54, 0x31, 0x1a, 0x30, 0x18,
	0x06, 0x03, 0x55, 0x04, 0x0a, 0x13, 0x11, 0x45, 0x53, 0x45, 0x52, 0x43,
	0x49, 0x54, 0x4f, 0x20, 0x49, 0x54, 0x41, 0x4c, 0x49, 0x41, 0x4e, 0x4f,
	0x31, 0x16, 0x30, 0x14, 0x06, 0x03, 0x55, 0x04, 0x0b, 0x13, 0x0d, 0x43,
	0x4f, 0x4d, 0x41, 0x4e, 0x44, 0x4f, 0x20, 0x43, 0x34, 0x49, 0x45, 0x57,
	0x31, 0x0f, 0x30, 0x0d, 0x06, 0x03, 0x55, 0x04, 0x03, 0x13, 0x06, 0x45,
	0x49, 0x43, 0x45, 0x52, 0x54, 0x30, 0x1e, 0x17, 0x0d, 0x30, 0x34, 0x30,
	0x36, 0x33, 0x30, 0x30, 0x39, 0x32, 0x36, 0x33, 0x33, 0x5a, 0x17, 0x0d,
	0x31, 0x34, 0x30, 0x36, 0x33, 0x30, 0x30, 0x39, 0x32, 0x35, 0x31, 0x34,
	0x5a, 0x30, 0x00, 0x30, 0x11, 0x30, 0x0d, 0x06, 0x09, 0x2a, 0x86, 0x48,
	0x86, 0xf7, 0x0d, 0x01, 0x01, 0x01, 0x05, 0x00, 0x03, 0x00, 0xa3, 0x82,
	0x01, 0x7e, 0x30, 0x82, 0x01, 0x7a, 0x30, 0x12, 0x06, 0x03, 0x55, 0x1d,
	0x13, 0x01, 0x01, 0xff, 0x04, 0x08, 0x30, 0x06, 0x01, 0x01, 0xff, 0x02,
	0x01, 0x01, 0x30, 0x70, 0x06, 0x03, 0x55, 0x1d, 0x20, 0x04, 0x69, 0x30,
	0x67, 0x30, 0x65, 0x06, 0x06, 0x2b, 0x4c, 0x1e, 0x01, 0x01, 0x01, 0x30,
	0x5b, 0x30, 0x59, 0x06, 0x08, 0x2b, 0x06, 0x01, 0x05, 0x05, 0x07, 0x02,
	0x01, 0x16, 0x4d, 0x68, 0x74, 0x74, 0x70, 0x3a, 0x2f, 0x2f, 0x77, 0x77,
	0x77, 0x2e, 0x65, 0x69, 0x63, 0x65, 0x72, 0x74, 0x2e, 0x65, 0x73, 0x65,
	0x72, 0x63, 0x69, 0x74, 0x6f, 0x2e, 0x64, 0x69, 0x66, 0x65, 0x73, 0x61,
	0x2e, 0x69, 0x74, 0x2f, 0x64, 0x6f, 0x63, 0x75, 0x6d, 0x65, 0x6e, 0x74,
	0x69, 0x2f, 0x4d, 0x61, 0x6e, 0x75, 0x61, 0x6c, 0x65, 0x5f, 0x6f, 0x70,
	0x65, 0x72, 0x61, 0x74, 0x69, 0x76, 0x6f, 0x2f, 0x45, 0x49, 0x43, 0x45,
	0x52, 0x54, 0x4d, 0x4f, 0x2e, 0x70, 0x64, 0x66, 0x30, 0x81, 0xc2, 0x06,
	0x03, 0x55, 0x1d, 0x1f, 0x04, 0x81, 0xba, 0x30, 0x81, 0xb7, 0x30, 0x81,
	0xb4, 0xa0, 0x81, 0xb1, 0xa0, 0x81, 0xae, 0x86, 0x81, 0xab, 0x6c, 0x64,
	0x61, 0x70, 0x3a, 0x2f, 0x2f, 0x6c, 0x64, 0x61, 0x70, 0x73, 0x68, 0x2e,
	0x65, 0x69, 0x63, 0x65, 0x72, 0x74, 0x2e, 0x65, 0x73, 0x65, 0x72, 0x63,
	0x69, 0x74, 0x6f, 0x2e, 0x64, 0x69, 0x66, 0x65, 0x73, 0x61, 0x2e, 0x69,
	0x74, 0x3a, 0x33, 0x38, 0x39, 0x2f, 0x63, 0x6e, 0x25, 0x33, 0x64, 0x45,
	0x49, 0x43, 0x45, 0x52, 0x54, 0x2c, 0x6f, 0x75, 0x25, 0x33, 0x64, 0x43,
	0x4f, 0x4d, 0x41, 0x4e, 0x44, 0x4f, 0x25, 0x32, 0x30, 0x43, 0x34, 0x49,
	0x45, 0x57, 0x2c, 0x6f, 0x25, 0x33, 0x64, 0x45, 0x53, 0x45, 0x52, 0x43,
	0x49, 0x54, 0x4f, 0x25, 0x32, 0x30, 0x49, 0x54, 0x41, 0x4c, 0x49, 0x41,
	0x4e, 0x4f, 0x2c, 0x63, 0x25, 0x33, 0x64, 0x49, 0x54, 0x3f, 0x63, 0x65,
	0x72, 0x74, 0x69, 0x66, 0x69, 0x63, 0x61, 0x74, 0x65, 0x52, 0x65, 0x76,
	0x6f, 0x63, 0x61, 0x74, 0x69, 0x6f, 0x6e, 0x4c, 0x69, 0x73, 0x74, 0x3f,
	0x62, 0x61, 0x73, 0x65, 0x3f, 0x6f, 0x62, 0x6a, 0x65, 0x63, 0x74, 0x43,
	0x6c, 0x61, 0x73, 0x73, 0x3d, 0x63, 0x52, 0x4c, 0x44, 0x69, 0x73, 0x74,
	0x72, 0x69, 0x62, 0x75, 0x74, 0x69, 0x6f, 0x6e, 0x50, 0x6f, 0x69, 0x6e,
	0x74, 0x30, 0x0e, 0x06, 0x03, 0x55, 0x1d, 0x0f, 0x01, 0x01, 0xff, 0x04,
	0x04, 0x03, 0x02, 0x01, 0x06, 0x30, 0x1d, 0x06, 0x03, 0x55, 0x1d, 0x0e,
	0x04, 0x16, 0x04, 0x14, 0xd1, 0x31, 0x8b, 0x56, 0x8f, 0x3d, 0x6c, 0xce,
	0x28, 0x8a, 0x43, 0x55, 0xf3, 0x19, 0x13, 0x6f, 0x94, 0x51, 0x17, 0x48,
	0x30, 0x0d, 0x06, 0x09, 0x2a, 0x86, 0x48, 0x86, 0xf7, 0x0d, 0x01, 0x01,
	0x05, 0x05, 0x00, 0x03, 0x00, 0x30, 0x82, 0x02, 0x69, 0x30, 0x82, 0x02,
	0x54, 0xa0, 0x03, 0x02, 0x01, 0x02, 0x02, 0x01, 0x01, 0x30, 0x0d, 0x06,
	0x09, 0x2a, 0x86, 0x48, 0x86, 0xf7, 0x0d, 0x01, 0x01, 0x05, 0x05, 0x00,
	0x30, 0x81, 0x8f, 0x31, 0x0b, 0x30, 0x09, 0x06, 0x03, 0x55, 0x04, 0x06,
	0x13, 0x02, 0x49, 0x54, 0x31, 0x15, 0x30, 0x13, 0x06, 0x03, 0x55, 0x04,
	0x0a, 0x13, 0x0c, 0x4c, 0x49, 0x53, 0x49, 0x54, 0x20, 0x53, 0x2e, 0x70,
	0x2e, 0x41, 0x2e, 0x31, 0x23, 0x30, 0x21, 0x06, 0x03, 0x55, 0x04, 0x0b,
	0x13, 0x1a, 0x53, 0x65, 0x72, 0x76, 0x69, 0x7a, 0x69, 0x6f, 0x20, 0x64,
	0x69, 0x20, 0x63, 0x65, 0x72, 0x74, 0x69, 0x66, 0x69, 0x63, 0x61, 0x7a,
	0x69, 0x6f, 0x6e, 0x65, 0x31, 0x44, 0x30, 0x42, 0x06, 0x03, 0x55, 0x04,
	0x03, 0x13, 0x3b, 0x4c, 0x49, 0x53, 0x49, 0x54, 0x20, 0x53, 0x65, 0x72,
	0x76, 0x69, 0x7a, 0x69, 0x6f, 0x20, 0x64, 0x69, 0x20, 0x63, 0x65, 0x72,
	0x74, 0x69, 0x66, 0x69, 0x63, 0x61, 0x7a, 0x69, 0x6f, 0x6e, 0x65, 0x20,
	0x70, 0x65, 0x72, 0x20, 0x6c, 0x61, 0x20, 0x4d, 0x61, 0x72, 0x63, 0x61,
	0x74, 0x75, 0x72, 0x61, 0x20, 0x54, 0x65, 0x6d, 0x70, 0x6f, 0x72, 0x61,
	0x6c, 0x65, 0x30, 0x1e, 0x17, 0x0d, 0x30, 0x34, 0x30, 0x39, 0x30, 0x32,
	0x31, 0x34, 0x34, 0x38, 0x34, 0x39, 0x5a, 0x17, 0x0d, 0x31, 0x36, 0x30,
	0x39, 0x30, 0x32, 0x31, 0x34, 0x34, 0x37, 0x30, 0x31, 0x5a, 0x30, 0x00,
	0x30, 0x11, 0x30, 0x0d, 0x06, 0x09, 0x2a, 0x86, 0x48, 0x86, 0xf7, 0x0d,
	0x01, 0x01, 0x01, 0x05, 0x00, 0x03, 0x00, 0xa3, 0x82, 0x01, 0x72, 0x30,
	0x82, 0x01, 0x6e, 0x30, 0x12, 0x06, 0x03, 0x55, 0x1d, 0x13, 0x01, 0x01,
	0xff, 0x04, 0x08, 0x30, 0x06, 0x01, 0x01, 0xff, 0x02, 0x01, 0x00, 0x30,
	0x47, 0x06, 0x03, 0x55, 0x1d, 0x20, 0x04, 0x40, 0x30, 0x3e, 0x30, 0x3c,
	0x06, 0x09, 0x2b, 0x06, 0x01, 0x04, 0x01, 0xbc, 0x6e, 0x04, 0x02, 0x30,
	0x2f, 0x30, 0x2d, 0x06, 0x08, 0x2b, 0x06, 0x01, 0x05, 0x05, 0x07, 0x02,
	0x01, 0x16, 0x21, 0x68, 0x74, 0x74, 0x70, 0x3a, 0x2f, 0x2f, 0x77, 0x77,
	0x77, 0x2e, 0x6c, 0x69, 0x73, 0x69, 0x74, 0x2e, 0x69, 0x74, 0x2f, 0x66,
	0x69, 0x72, 0x6d, 0x61, 0x64, 0x69, 0x67, 0x69, 0x74, 0x61, 0x6c, 0x65,
	0x30, 0x81, 0xdf, 0x06, 0x03, 0x55, 0x1d, 0x1f, 0x04, 0x81, 0xd7, 0x30,
	0x81, 0xd4, 0x30, 0x81, 0xd1, 0xa0, 0x81, 0xce, 0xa0, 0x81, 0xcb, 0x86,
	0x81, 0xc8, 0x6c, 0x64, 0x61, 0x70, 0x3a, 0x2f, 0x2f, 0x6c, 0x64, 0x61,
	0x70, 0x2e, 0x63, 0x72, 0x73, 0x2e, 0x6c, 0x6f, 0x6d, 0x62, 0x61, 0x72,
	0x64, 0x69, 0x61, 0x2e, 0x69, 0x74, 0x2f, 0x63, 0x6e, 0x25, 0x33, 0x64,
	0x4c, 0x49, 0x53, 0x49, 0x54, 0x25, 0x32, 0x30, 0x53, 0x65, 0x72, 0x76,
	0x69, 0x7a, 0x69, 0x6f, 0x25, 0x32, 0x30, 0x64, 0x69, 0x25, 0x32, 0x30,
	0x63, 0x65, 0x72, 0x74, 0x69, 0x66, 0x69, 0x63, 0x61, 0x7a, 0x69, 0x6f,
	0x6e, 0x65, 0x25, 0x32, 0x30, 0x70, 0x65, 0x72, 0x25, 0x32, 0x30, 0x6c,
	0x61, 0x25, 0x32, 0x30, 0x4d, 0x61, 0x72, 0x63, 0x61, 0x74, 0x75, 0x72,
	0x61, 0x25, 0x32, 0x30, 0x54, 0x65, 0x6d, 0x70, 0x6f, 0x72, 0x61, 0x6c,
	0x65, 0x2c, 0x6f, 0x75, 0x25, 0x33, 0x64, 0x53, 0x65, 0x72, 0x76, 0x69,
	0x7a, 0x69, 0x6f, 0x25, 0x32, 0x30, 0x64, 0x69, 0x25, 0x32, 0x30, 0x63,
	0x65, 0x72, 0x74, 0x69, 0x66, 0x69, 0x63, 0x61, 0x7a, 0x69, 0x6f, 0x6e,
	0x65, 0x2c, 0x6f, 0x25, 0x33, 0x64, 0x4c, 0x49, 0x53, 0x49, 0x54, 0x25,
	0x32, 0x30, 0x53, 0x2e, 0x70, 0x2e, 0x41, 0x2e, 0x2c, 0x63, 0x25, 0x33,
	0x64, 0x49, 0x54, 0x3f, 0x63, 0x65, 0x72, 0x74, 0x69, 0x66, 0x69, 0x63,
	0x61, 0x74, 0x65, 0x52, 0x65, 0x76, 0x6f, 0x63, 0x61, 0x74, 0x69, 0x6f,
	0x6e, 0x4c, 0x69, 0x73, 0x74, 0x3f, 0x62, 0x61, 0x73, 0x65, 0x30, 0x0e,
	0x06, 0x03, 0x55, 0x1d, 0x0f, 0x01, 0x01, 0xff, 0x04, 0x04, 0x03, 0x02,
	0x01, 0x06, 0x30, 0x1d, 0x06, 0x03, 0x55, 0x1d, 0x0e, 0x04, 0x16, 0x04,
	0x14, 0xb5, 0x28, 0x64, 0x08, 0x28, 0x37, 0xf2, 0xd0, 0x3a, 0xaa, 0xc2,
	0x38, 0xde, 0xef, 0x61, 0x61, 0xfd, 0x64, 0x16, 0x22, 0x30, 0x0d, 0x06,
	0x09, 0x2a, 0x86, 0x48, 0x86, 0xf7, 0x0d, 0x01, 0x01, 0x05, 0x05, 0x00,
	0x03, 0x00, 0x30, 0x82, 0x03, 0x68, 0x30, 0x82, 0x03, 0x53, 0xa0, 0x03,
	0x02, 0x01, 0x02, 0x02, 0x02, 0x00, 0x97, 0x30, 0x0d, 0x06, 0x09, 0x2a,
	0x86, 0x48, 0x86, 0xf7, 0x0d, 0x01, 0x01, 0x05, 0x05, 0x00, 0x30, 0x7d,
	0x31, 0x0b, 0x30, 0x09, 0x06, 0x03, 0x55, 0x04, 0x06, 0x13, 0x02, 0x49,
	0x54, 0x31, 0x13, 0x30, 0x11, 0x06, 0x03, 0x55, 0x04, 0x0a, 0x13, 0x0a,
	0x53, 0x53, 0x42, 0x20, 0x53, 0x2e, 0x70, 0x2e, 0x41, 0x2e, 0x31, 0x20,
	0x30, 0x1e, 0x06, 0x03, 0x55, 0x04, 0x0b, 0x13, 0x17, 0x43, 0x65, 0x72,
	0x74, 0x69, 0x66, 0x69, 0x63, 0x61, 0x74, 0x69, 0x6f, 0x6e, 0x20, 0x41,
	0x75, 0x74, 0x68, 0x6f, 0x72, 0x69, 0x74, 0x79, 0x31, 0x17, 0x30, 0x15,
	0x06, 0x03, 0x55, 0x04, 0x0b, 0x13, 0x0e, 0x53, 0x65, 0x72, 0x76, 0x69,
	0x7a, 0x69, 0x20, 0x64, 0x69, 0x20, 0x50, 0x4b, 0x49, 0x31, 0x1e, 0x30,
	0x1c, 0x06, 0x03, 0x55, 0x04, 0x03, 0x13, 0x15, 0x53, 0x53, 0x42, 0x20,
	0x46, 0x69, 0x72, 0x6d, 0x61, 0x20, 0x51, 0x75, 0x61, 0x6c, 0x69, 0x66,
	0x69, 0x63, 0x61, 0x74, 0x61, 0x30, 0x1e, 0x17, 0x0d, 0x30, 0x31, 0x30,
	0x32, 0x32, 0x33, 0x31, 0x34, 0x34, 0x30, 0x30, 0x30, 0x5a, 0x17, 0x0d,
	0x31, 0x30, 0x30, 0x32, 0x32, 0x33, 0x32, 0x33, 0x35, 0x39, 0x30, 0x30,
	0x5a, 0x30, 0x00, 0x30, 0x11, 0x30, 0x0d, 0x06, 0x09, 0x2a, 0x86, 0x48,
	0x86, 0xf7, 0x0d, 0x01, 0x01, 0x01, 0x05, 0x00, 0x03, 0x00, 0xa3, 0x82,
	0x02, 0x83, 0x30, 0x82, 0x02, 0x7f, 0x30, 0x81, 0xac, 0x06, 0x03, 0x55,
	0x1d, 0x1f, 0x04, 0x81, 0xa4, 0x30, 0x81, 0xa1, 0x30, 0x81, 0x9e, 0xa0,
	0x81, 0x9b, 0xa0, 0x81, 0x98, 0x86, 0x81, 0x95, 0x6c, 0x64, 0x61, 0x70,
	0x3a, 0x2f, 0x2f, 0x6c, 0x64, 0x61, 0x70, 0x2d, 0x70, 0x6b, 0x69, 0x2e,
	0x73, 0x73, 0x62, 0x2e, 0x6e, 0x65, 0x74, 0x2f, 0x63, 0x6e, 0x3d, 0x53,
	0x53, 0x42, 0x25, 0x32, 0x30, 0x46, 0x69, 0x72, 0x6d, 0x61, 0x25, 0x32,
	0x30, 0x51, 0x75, 0x61, 0x6c, 0x69, 0x66, 0x69, 0x63, 0x61, 0x74, 0x61,
	0x2c, 0x6f, 0x75, 0x3d, 0x53, 0x65, 0x72, 0x76, 0x69, 0x7a, 0x69, 0x25,
	0x32, 0x30, 0x64, 0x69, 0x25, 0x32, 0x30, 0x50, 0x4b, 0x49, 0x2c, 0x6f,
	0x75, 0x3d, 0x43, 0x65, 0x72, 0x74, 0x69, 0x66, 0x69, 0x63, 0x61, 0x74,
	0x69, 0x6f, 0x6e, 0x25, 0x32, 0x30, 0x41, 0x75, 0x74, 0x68, 0x6f, 0x72,
	0x69, 0x74, 0x79, 0x2c, 0x6f, 0x3d, 0x53, 0x53, 0x42, 0x25, 0x32, 0x30,
	0x53, 0x2e, 0x70, 0x2e, 0x41, 0x2e, 0x2c, 0x63, 0x3d, 0x49, 0x54, 0x3f,
	0x63, 0x65, 0x72, 0x74, 0x69, 0x66, 0x69, 0x63, 0x61, 0x74, 0x65, 0x52,
	0x65, 0x76, 0x6f, 0x63, 0x61, 0x74, 0x69, 0x6f, 0x6e, 0x4c, 0x69, 0x73,
	0x74, 0x30, 0x35, 0x06, 0x03, 0x55, 0x1d, 0x20, 0x04, 0x2e, 0x30, 0x2c,
	0x30, 0x2a, 0x06, 0x07, 0x2b, 0x4c, 0x04, 0x03, 0x01, 0x05, 0x01, 0x30,
	0x1f, 0x30, 0x1d, 0x06, 0x08, 0x2b, 0x06, 0x01, 0x05, 0x05, 0x07, 0x02,
	0x01, 0x16, 0x11, 0x68, 0x74, 0x74, 0x70, 0x3a, 0x2f, 0x2f, 0x63, 0x61,
	0x2e, 0x73, 0x73, 0x62, 0x2e, 0x6e, 0x65, 0x74, 0x30, 0x81, 0xa8, 0x06,
	0x03, 0x55, 0x1d, 0x12, 0x04, 0x81, 0xa0, 0x30, 0x81, 0x9d, 0x81, 0x0f,
	0x69, 0x6e, 0x66, 0x6f, 0x2d, 0x63, 0x61, 0x40, 0x73, 0x73, 0x62, 0x2e,
	0x6e, 0x65, 0x74, 0x86, 0x81, 0x89, 0x6c, 0x64, 0x61, 0x70, 0x3a, 0x2f,
	0x2f, 0x6c, 0x64, 0x61, 0x70, 0x2d, 0x70, 0x6b, 0x69, 0x2e, 0x73, 0x73,
	0x62, 0x2e, 0x6e, 0x65, 0x74, 0x2f, 0x63, 0x6e, 0x3d, 0x53, 0x53, 0x42,
	0x25, 0x32, 0x30, 0x46, 0x69, 0x72, 0x6d, 0x61, 0x25, 0x32, 0x30, 0x51,
	0x75, 0x61, 0x6c, 0x69, 0x66, 0x69, 0x63, 0x61, 0x74, 0x61, 0x2c, 0x6f,
	0x75, 0x3d, 0x53, 0x65, 0x72, 0x76, 0x69, 0x7a, 0x69, 0x25, 0x32, 0x30,
	0x64, 0x69, 0x25, 0x32, 0x30, 0x50, 0x4b, 0x49, 0x2c, 0x6f, 0x75, 0x3d,
	0x43, 0x65, 0x72, 0x74, 0x69, 0x66, 0x69, 0x63, 0x61, 0x74, 0x69, 0x6f,
	0x6e, 0x25, 0x32, 0x30, 0x41, 0x75, 0x74, 0x68, 0x6f, 0x72, 0x69, 0x74,
	0x79, 0x2c, 0x6f, 0x3d, 0x53, 0x53, 0x42, 0x25, 0x32, 0x30, 0x53, 0x2e,
	0x70, 0x2e, 0x41, 0x2e, 0x2c, 0x63, 0x3d, 0x49, 0x54, 0x3f, 0x63, 0x41,
	0x43, 0x65, 0x72, 0x74, 0x69, 0x66, 0x69, 0x63, 0x61, 0x74, 0x65, 0x30,
	0x81, 0xa8, 0x06, 0x03, 0x55, 0x1d, 0x11, 0x04, 0x81, 0xa0, 0x30, 0x81,
	0x9d, 0x81, 0x0f, 0x69, 0x6e, 0x66, 0x6f, 0x2d, 0x63, 0x61, 0x40, 0x73,
	0x73, 0x62, 0x2e, 0x6e, 0x65, 0x74, 0x86, 0x81, 0x89, 0x6c, 0x64, 0x61,
	0x70, 0x3a, 0x2f, 0x2f, 0x6c, 0x64, 0x61, 0x70, 0x2d, 0x70, 0x6b, 0x69,
	0x2e, 0x73, 0x73, 0x62, 0x2e, 0x6e, 0x65, 0x74, 0x2f, 0x63, 0x6e, 0x3d,
	0x53, 0x53, 0x42, 0x25, 0x32, 0x30, 0x46, 0x69, 0x72, 0x6d, 0x61, 0x25,
	0x32, 0x30, 0x51, 0x75, 0x61, 0x6c, 0x69, 0x66, 0x69, 0x63, 0x61, 0x74,
	0x61, 0x2c, 0x6f, 0x75, 0x3d, 0x53, 0x65, 0x72, 0x76, 0x69, 0x7a, 0x69,
	0x25, 0x32, 0x30, 0x64, 0x69, 0x25, 0x32, 0x30, 0x50, 0x4b, 0x49, 0x2c,
	0x6f, 0x75, 0x3d, 0x43, 0x65, 0x72, 0x74, 0x69, 0x66, 0x69, 0x63, 0x61,
	0x74, 0x69, 0x6f, 0x6e, 0x25, 0x32, 0x30, 0x41, 0x75, 0x74, 0x68, 0x6f,
	0x72, 0x69, 0x74, 0x79, 0x2c, 0x6f, 0x3d, 0x53, 0x53, 0x42, 0x25, 0x32,
	0x30, 0x53, 0x2e, 0x70, 0x2e, 0x41, 0x2e, 0x2c, 0x63, 0x3d, 0x49, 0x54,
	0x3f, 0x63, 0x41, 0x43, 0x65, 0x72, 0x74, 0x69, 0x66, 0x69, 0x63, 0x61,
	0x74, 0x65, 0x30, 0x1d, 0x06, 0x03, 0x55, 0x1d, 0x0e, 0x04, 0x16, 0x04,
	0x14, 0x48, 0x71, 0x29, 0x0a, 0xe7, 0xba, 0x7c, 0xa4, 0x65, 0x14, 0xed,
	0x9b, 0x72, 0xfc, 0xf6, 0x07, 0x8a, 0x80, 0x0f, 0x80, 0x30, 0x12, 0x06,
	0x03, 0x55, 0x1d, 0x13, 0x01, 0x01, 0xff, 0x04, 0x08, 0x30, 0x06, 0x01,
	0x01, 0xff, 0x02, 0x01, 0x01, 0x30, 0x0e, 0x06, 0x03, 0x55, 0x1d, 0x0f,
	0x01, 0x01, 0xff, 0x04, 0x04, 0x03, 0x02, 0x01, 0x06, 0x30, 0x0d, 0x06,
	0x09, 0x2a, 0x86, 0x48, 0x86, 0xf7, 0x0d, 0x01, 0x01, 0x05, 0x05, 0x00,
	0x03, 0x00, 0x30, 0x82, 0x02, 0x41, 0x30, 0x82, 0x02, 0x2c, 0xa0, 0x03,
	0x02, 0x01, 0x02, 0x02, 0x01, 0x01, 0x30, 0x0d, 0x06, 0x09, 0x2a, 0x86,
	0x48, 0x86, 0xf7, 0x0d, 0x01, 0x01, 0x05, 0x05, 0x00, 0x30, 0x56, 0x31,
	0x0b, 0x30, 0x09, 0x06, 0x03, 0x55, 0x04, 0x06, 0x13, 0x02, 0x49, 0x54,
	0x31, 0x1a, 0x30, 0x18, 0x06, 0x03, 0x55, 0x04, 0x0a, 0x13, 0x11, 0x45,
	0x53, 0x45, 0x52, 0x43, 0x49, 0x54, 0x4f, 0x20, 0x49, 0x54, 0x41, 0x4c,
	0x49, 0x41, 0x4e, 0x4f, 0x31, 0x16, 0x30, 0x14, 0x06, 0x03, 0x55, 0x04,
	0x0b, 0x13, 0x0d, 0x43, 0x4f, 0x4d, 0x41, 0x4e, 0x44, 0x4f, 0x20, 0x43,
	0x34, 0x49, 0x45, 0x57, 0x31, 0x13, 0x30, 0x11, 0x06, 0x03, 0x55, 0x04,
	0x03, 0x13, 0x0a, 0x45, 0x49, 0x43, 0x45, 0x52, 0x54, 0x20, 0x54, 0x53,
	0x41, 0x30, 0x1e, 0x17, 0x0d, 0x30, 0x34, 0x30, 0x37, 0x30, 0x31, 0x30,
	0x38, 0x33, 0x35, 0x34, 0x36, 0x5a, 0x17, 0x0d, 0x31, 0x34, 0x30, 0x37,
	0x30, 0x31, 0x30, 0x38, 0x33, 0x34, 0x31, 0x39, 0x5a, 0x30, 0x00, 0x30,
	0x11, 0x30, 0x0d, 0x06, 0x09, 0x2a, 0x86, 0x48, 0x86, 0xf7, 0x0d, 0x01,
	0x01, 0x01, 0x05, 0x00, 0x03, 0x00, 0xa3, 0x82, 0x01, 0x84, 0x30, 0x82,
	0x01, 0x80, 0x30, 0x12, 0x06, 0x03, 0x55, 0x1d, 0x13, 0x01, 0x01, 0xff,
	0x04, 0x08, 0x30, 0x06, 0x01, 0x01, 0xff, 0x02, 0x01, 0x01, 0x30, 0x70,
	0x06, 0x03, 0x55, 0x1d, 0x20, 0x04, 0x69, 0x30, 0x67, 0x30, 0x65, 0x06,
	0x06, 0x2b, 0x4c, 0x1e, 0x01, 0x01, 0x01, 0x30, 0x5b, 0x30, 0x59, 0x06,
	0x08, 0x2b, 0x06, 0x01, 0x05, 0x05, 0x07, 0x02, 0x01, 0x16, 0x4d, 0x68,
	0x74, 0x74, 0x70, 0x3a, 0x2f, 0x2f, 0x77, 0x77, 0x77, 0x2e, 0x65, 0x69,
	0x63, 0x65, 0x72, 0x74, 0x2e, 0x65, 0x73, 0x65, 0x72, 0x63, 0x69, 0x74,
	0x6f, 0x2e, 0x64, 0x69, 0x66, 0x65, 0x73, 0x61, 0x2e, 0x69, 0x74, 0x2f,
	0x64, 0x6f, 0x63, 0x75, 0x6d, 0x65, 0x6e, 0x74, 0x69, 0x2f, 0x4d, 0x61,
	0x6e, 0x75, 0x61, 0x6c, 0x65, 0x5f, 0x6f, 0x70, 0x65, 0x72, 0x61, 0x74,
	0x69, 0x76, 0x6f, 0x2f, 0x45, 0x49, 0x43, 0x45, 0x52, 0x54, 0x4d, 0x4f,
	0x2e, 0x70, 0x64, 0x66, 0x30, 0x81, 0xc8, 0x06, 0x03, 0x55, 0x1d, 0x1f,
	0x04, 0x81, 0xc0, 0x30, 0x81, 0xbd, 0x30, 0x81, 0xba, 0xa0, 0x81, 0xb7,
	0xa0, 0x81, 0xb4, 0x86, 0x81, 0xb1, 0x6c, 0x64, 0x61, 0x70, 0x3a, 0x2f,
	0x2f, 0x6c, 0x64, 0x61, 0x70, 0x73, 0x68, 0x2e, 0x65, 0x69, 0x63, 0x65,
	0x72, 0x74, 0x2e, 0x65, 0x73, 0x65, 0x72, 0x63, 0x69, 0x74, 0x6f, 0x2e,
	0x64, 0x69, 0x66, 0x65, 0x73, 0x61, 0x2e, 0x69, 0x74, 0x3a, 0x33, 0x38,
	0x39, 0x2f, 0x63, 0x6e, 0x25, 0x33, 0x64, 0x45, 0x49, 0x43, 0x45, 0x52,
	0x54, 0x25, 0x32, 0x30, 0x54, 0x53, 0x41, 0x2c, 0x6f, 0x75, 0x25, 0x33,
	0x64, 0x43, 0x4f, 0x4d, 0x41, 0x4e, 0x44, 0x4f, 0x25, 0x32, 0x30, 0x43,
	0x34, 0x49, 0x45, 0x57, 0x2c, 0x6f, 0x25, 0x33, 0x64, 0x45, 0x53, 0x45,
	0x52, 0x43, 0x49, 0x54, 0x4f, 0x25, 0x32, 0x30, 0x49, 0x54, 0x41, 0x4c,
	0x49, 0x41, 0x4e, 0x4f, 0x2c, 0x63, 0x25, 0x33, 0x64, 0x49, 0x54, 0x3f,
	0x63, 0x65, 0x72, 0x74, 0x69, 0x66, 0x69, 0x63, 0x61, 0x74, 0x65, 0x52,
	0x65, 0x76, 0x6f, 0x63, 0x61, 0x74, 0x69, 0x6f, 0x6e, 0x4c, 0x69, 0x73,
	0x74, 0x3f, 0x62, 0x61, 0x73, 0x65, 0x3f, 0x6f, 0x62, 0x6a, 0x65, 0x63,
	0x74, 0x43, 0x6c, 0x61, 0x73, 0x73, 0x3d, 0x63, 0x52, 0x4c, 0x44, 0x69,
	0x73, 0x74, 0x72, 0x69, 0x62, 0x75, 0x74, 0x69, 0x6f, 0x6e, 0x50, 0x6f,
	0x69, 0x6e, 0x74, 0x30, 0x0e, 0x06, 0x03, 0x55, 0x1d, 0x0f, 0x01, 0x01,
	0xff, 0x04, 0x04, 0x03, 0x02, 0x01, 0x06, 0x30, 0x1d, 0x06, 0x03, 0x55,
	0x1d, 0x0e, 0x04, 0x16, 0x04, 0x14, 0x25, 0x62, 0xe5, 0x82, 0x75, 0xab,
	0xbe, 0xb9, 0x71, 0xe0, 0x7e, 0xd0, 0x5c, 0xa5, 0x43, 0x83, 0xd8, 0x3d,
	0x01, 0xe1, 0x30, 0x0d, 0x06, 0x09, 0x2a, 0x86, 0x48, 0x86, 0xf7, 0x0d,
	0x01, 0x01, 0x05, 0x05, 0x00, 0x03, 0x00, 0x30, 0x82, 0x02, 0xa4, 0x30,
	0x82, 0x02, 0x8f, 0xa0, 0x03, 0x02, 0x01, 0x02, 0x02, 0x01, 0x2a, 0x30,
	0x0d, 0x06, 0x09, 0x2a, 0x86, 0x48, 0x86, 0xf7, 0x0d, 0x01, 0x01, 0x05,
	0x05, 0x00, 0x30, 0x81, 0xb1, 0x31, 0x0b, 0x30, 0x09, 0x06, 0x03, 0x55,
	0x04, 0x06, 0x13, 0x02, 0x49, 0x54, 0x31, 0x18, 0x30, 0x16, 0x06, 0x03,
	0x55, 0x04, 0x0a, 0x13, 0x0f, 0x49, 0x6e, 0x66, 0x6f, 0x43, 0x61, 0x6d,
	0x65, 0x72, 0x65, 0x20, 0x53, 0x43, 0x70, 0x41, 0x31, 0x30, 0x30, 0x2e,
	0x06, 0x03, 0x55, 0x04, 0x0b, 0x13, 0x27, 0x45, 0x6e, 0x74, 0x65, 0x20,
	0x43, 0x65, 0x72, 0x74, 0x69, 0x66, 0x69, 0x63, 0x61, 0x74, 0x6f, 0x72,
	0x65, 0x20, 0x64, 0x65, 0x6c, 0x20, 0x53, 0x69, 0x73, 0x74, 0x65, 0x6d,
	0x61, 0x20, 0x43, 0x61, 0x6d, 0x65, 0x72, 0x61, 0x6c, 0x65, 0x31, 0x27,
	0x30, 0x25, 0x06, 0x03, 0x55, 0x04, 0x0b, 0x13, 0x1e, 0x43, 0x65, 0x72,
	0x74, 0x69, 0x66, 0x69, 0x63, 0x61, 0x74, 0x69, 0x6f, 0x6e, 0x20, 0x53,
	0x65, 0x72, 0x76, 0x69, 0x63, 0x65, 0x20, 0x50, 0x72, 0x6f, 0x76, 0x69,
	0x64, 0x65, 0x72, 0x31, 0x2d, 0x30, 0x2b, 0x06, 0x03, 0x55, 0x04, 0x03,
	0x13, 0x24, 0x49, 0x6e, 0x66, 0x6f, 0x43, 0x61, 0x6d, 0x65, 0x72, 0x65,
	0x20, 0x54, 0x69, 0x6d, 0x65, 0x20, 0x53, 0x74, 0x61, 0x6d, 0x70, 0x69,
	0x6e, 0x67, 0x20, 0x41, 0x75, 0x74, 0x68, 0x6f, 0x72, 0x69, 0x74, 0x79,
	0x20, 0x32, 0x30, 0x1e, 0x17, 0x0d, 0x30, 0x34, 0x30, 0x33, 0x31, 0x36,
	0x31, 0x32, 0x33, 0x31, 0x30, 0x30, 0x5a, 0x17, 0x0d, 0x31, 0x36, 0x30,
	0x33, 0x31, 0x36, 0x32, 0x33, 0x35, 0x39, 0x30, 0x30, 0x5a, 0x30, 0x00,
	0x30, 0x11, 0x30, 0x0d, 0x06, 0x09, 0x2a, 0x86, 0x48, 0x86, 0xf7, 0x0d,
	0x01, 0x01, 0x01, 0x05, 0x00, 0x03, 0x00, 0xa3, 0x82, 0x01, 0x8b, 0x30,
	0x82, 0x01, 0x87, 0x30, 0x81, 0xc9, 0x06, 0x03, 0x55, 0x1d, 0x1f, 0x04,
	0x81, 0xc1, 0x30, 0x81, 0xbe, 0x30, 0x81, 0xbb, 0xa0, 0x81, 0xb8, 0xa0,
	0x81, 0xb5, 0x86, 0x81, 0xb2, 0x6c, 0x64, 0x61, 0x70, 0x3a, 0x2f, 0x2f,
	0x6c, 0x64, 0x61, 0x70, 0x2e, 0x69, 0x6e, 0x66, 0x6f, 0x63, 0x61, 0x6d,
	0x65, 0x72, 0x65, 0x2e, 0x69, 0x74, 0x2f, 0x63, 0x6e, 0x25, 0x33, 0x44,
	0x49, 0x6e, 0x66, 0x6f, 0x43, 0x61, 0x6d, 0x65, 0x72, 0x65, 0x25, 0x32,
	0x30, 0x54, 0x69, 0x6d, 0x65, 0x25, 0x32, 0x30, 0x53, 0x74, 0x61, 0x6d,
	0x70, 0x69, 0x6e, 0x67, 0x25, 0x32, 0x30, 0x41, 0x75, 0x74, 0x68, 0x6f,
	0x72, 0x69, 0x74, 0x79, 0x25, 0x32, 0x30, 0x32, 0x25, 0x32, 0x43, 0x6f,
	0x75, 0x25, 0x33, 0x44, 0x53, 0x65, 0x72, 0x76, 0x69, 0x7a, 0x69, 0x25,
	0x32, 0x30, 0x64, 0x69, 0x25, 0x32, 0x30, 0x4d, 0x61, 0x72, 0x63, 0x61,
	0x74, 0x75, 0x72, 0x61, 0x25, 0x32, 0x30, 0x54, 0x65, 0x6d, 0x70, 0x6f,
	0x72, 0x61, 0x6c, 0x65, 0x25, 0x32, 0x43, 0x6f, 0x25, 0x33, 0x44, 0x49,
	0x6e, 0x66, 0x6f, 0x43, 0x61, 0x6d, 0x65, 0x72, 0x65, 0x25, 0x32, 0x30,
	0x53, 0x43, 0x70, 0x41, 0x25, 0x32, 0x43, 0x63, 0x25, 0x33, 0x44, 0x49,
	0x54, 0x3f, 0x63, 0x65, 0x72, 0x74, 0x69, 0x66, 0x69, 0x63, 0x61, 0x74,
	0x65, 0x72, 0x65, 0x76, 0x6f, 0x63, 0x61, 0x74, 0x69, 0x6f, 0x6e, 0x6c,
	0x69, 0x73, 0x74, 0x30, 0x27, 0x06, 0x03, 0x55, 0x1d, 0x12, 0x04, 0x20,
	0x30, 0x1e, 0x81, 0x1c, 0x66, 0x69, 0x72, 0x6d, 0x61, 0x2e, 0x64, 0x69,
	0x67, 0x69, 0x74, 0x61, 0x6c, 0x65, 0x40, 0x69, 0x6e, 0x66, 0x6f, 0x63,
	0x61, 0x6d, 0x65, 0x72, 0x65, 0x2e, 0x69, 0x74, 0x30, 0x50, 0x06, 0x03,
	0x55, 0x1d, 0x20, 0x04, 0x49, 0x30, 0x47, 0x30, 0x45, 0x06, 0x06, 0x2b,
	0x4c, 0x0e, 0x01, 0x01, 0x01, 0x30, 0x3b, 0x30, 0x39, 0x06, 0x08, 0x2b,
	0x06, 0x01, 0x05, 0x05, 0x07, 0x02, 0x01, 0x16, 0x2d, 0x68, 0x74, 0x74,
	0x70, 0x3a, 0x2f, 0x2f, 0x77, 0x77, 0x77, 0x2e, 0x63, 0x61, 0x72, 0x64,
	0x2e, 0x69, 0x6e, 0x66, 0x6f, 0x63, 0x61, 0x6d, 0x65, 0x72, 0x65, 0x2e,
	0x69, 0x74, 0x2f, 0x64, 0x6f, 0x63, 0x2f, 0x6d, 0x61, 0x6e, 0x75, 0x61,
	0x6c, 0x69, 0x2e, 0x68, 0x74, 0x6d, 0x30, 0x1d, 0x06, 0x03, 0x55, 0x1d,
	0x0e, 0x04, 0x16, 0x04, 0x14, 0xa0, 0xf0, 0x8f, 0xc8, 0x0a, 0x6c, 0x7a,
	0x43, 0x73, 0x12, 0xd3, 0xfe, 0x35, 0xfb, 0x81, 0xca, 0x40, 0x2d, 0xaf,
	0x27, 0x30, 0x0e, 0x06, 0x03, 0x55, 0x1d, 0x0f, 0x01, 0x01, 0xff, 0x04,
	0x04, 0x03, 0x02, 0x01, 0x06, 0x30, 0x0f, 0x06, 0x03, 0x55, 0x1d, 0x13,
	0x01, 0x01, 0xff, 0x04, 0x05, 0x30, 0x03, 0x01, 0x01, 0xff, 0x30, 0x0d,
	0x06, 0x09, 0x2a, 0x86, 0x48, 0x86, 0xf7, 0x0d, 0x01, 0x01, 0x05, 0x05,
	0x00, 0x03, 0x00, 0x30, 0x82, 0x01, 0xe6, 0x30, 0x82, 0x01, 0xd1, 0xa0,
	0x03, 0x02, 0x01, 0x02, 0x02, 0x02, 0x2c, 0xb8, 0x30, 0x0d, 0x06, 0x09,
	0x2a, 0x86, 0x48, 0x86, 0xf7, 0x0d, 0x01, 0x01, 0x05, 0x05, 0x00, 0x30,
	0x39, 0x31, 0x0b, 0x30, 0x09, 0x06, 0x03, 0x55, 0x04, 0x06, 0x13, 0x02,
	0x49, 0x54, 0x31, 0x14, 0x30, 0x12, 0x06, 0x03, 0x55, 0x04, 0x0a, 0x0c,
	0x0b, 0x43, 0x65, 0x64, 0x61, 0x63, 0x72, 0x69, 0x20, 0x53, 0x70, 0x41,
	0x31, 0x14, 0x30, 0x12, 0x06, 0x03, 0x55, 0x04, 0x03, 0x0c, 0x0b, 0x43,
	0x65, 0x64, 0x61, 0x63, 0x72, 0x69, 0x63, 0x65, 0x72, 0x74, 0x30, 0x1e,
	0x17, 0x0d, 0x30, 0x39, 0x30, 0x36, 0x30, 0x39, 0x30, 0x38, 0x34, 0x32,
	0x35, 0x33, 0x5a, 0x17, 0x0d, 0x31, 0x39, 0x30, 0x36, 0x30, 0x39, 0x30,
	0x38, 0x34, 0x32, 0x35, 0x33, 0x5a, 0x30, 0x00, 0x30, 0x11, 0x30, 0x0d,
	0x06, 0x09, 0x2a, 0x86, 0x48, 0x86, 0xf7, 0x0d, 0x01, 0x01, 0x01, 0x05,
	0x00, 0x03, 0x00, 0xa3, 0x82, 0x01, 0x45, 0x30, 0x82, 0x01, 0x41, 0x30,
	0x0f, 0x06, 0x03, 0x55, 0x1d, 0x13, 0x01, 0x01, 0xff, 0x04, 0x05, 0x30,
	0x03, 0x01, 0x01, 0xff, 0x30, 0x3d, 0x06, 0x03, 0x55, 0x1d, 0x20, 0x04,
	0x36, 0x30, 0x34, 0x30, 0x32, 0x06, 0x06, 0x2b, 0x4c, 0x1b, 0x01, 0x01,
	0x01, 0x30, 0x28, 0x30, 0x26, 0x06, 0x08, 0x2b, 0x06, 0x01, 0x05, 0x05,
	0x07, 0x02, 0x01, 0x16, 0x1a, 0x68, 0x74, 0x74, 0x70, 0x73, 0x3a, 0x2f,
	0x2f, 0x77, 0x77, 0x77, 0x2e, 0x63, 0x65, 0x64, 0x61, 0x63, 0x72, 0x69,
	0x63, 0x65, 0x72, 0x74, 0x2e, 0x69, 0x74, 0x30, 0x81, 0x9e, 0x06, 0x03,
	0x55, 0x1d, 0x1f, 0x04, 0x81, 0x96, 0x30, 0x81, 0x93, 0x30, 0x64, 0xa0,
	0x62, 0xa0, 0x60, 0x86, 0x5e, 0x6c, 0x64, 0x61, 0x70, 0x3a, 0x2f, 0x2f,
	0x6c, 0x64, 0x61, 0x70, 0x2e, 0x63, 0x65, 0x64, 0x61, 0x63, 0x72, 0x69,
	0x63, 0x65, 0x72, 0x74, 0x2e, 0x69, 0x74, 0x2f, 0x63, 0x6e, 0x25, 0x33,
	0x64, 0x43, 0x65, 0x64, 0x61, 0x63, 0x72, 0x69, 0x63, 0x65, 0x72, 0x74,
	0x2c, 0x6f, 0x25, 0x33, 0x64, 0x43, 0x65, 0x64, 0x61, 0x63, 0x72, 0x69,
	0x25, 0x32, 0x30, 0x53, 0x70, 0x41, 0x2c, 0x63, 0x25, 0x33, 0x64, 0x49,
	0x54, 0x3f, 0x63, 0x65, 0x72, 0x74, 0x69, 0x66, 0x69, 0x63, 0x61, 0x74,
	0x65, 0x52, 0x65, 0x76, 0x6f, 0x63, 0x61, 0x74, 0x69, 0x6f, 0x6e, 0x4c,
	0x69, 0x73, 0x74, 0x30, 0x2b, 0xa0, 0x29, 0xa0, 0x27, 0x86, 0x25, 0x68,
	0x74, 0x74, 0x70, 0x3a, 0x2f, 0x2f, 0x77, 0x77, 0x77, 0x2e, 0x63, 0x65,
	0x64, 0x61, 0x63, 0x72, 0x69, 0x63, 0x65, 0x72, 0x74, 0x2e, 0x69, 0x74,
	0x2f, 0x63, 0x72, 0x6c, 0x2f, 0x63, 0x72, 0x6c, 0x2e, 0x63, 0x72, 0x6c,
	0x30, 0x0e, 0x06, 0x03, 0x55, 0x1d, 0x0f, 0x01, 0x01, 0xff, 0x04, 0x04,
	0x03, 0x02, 0x01, 0x06, 0x30, 0x1f, 0x06, 0x03, 0x55, 0x1d, 0x23, 0x04,
	0x18, 0x30, 0x16, 0x80, 0x14, 0x7c, 0xd8, 0xa4, 0x34, 0xdb, 0x1f, 0x53,
	0x7f, 0x96, 0xf1, 0x42, 0xeb, 0xb7, 0x7b, 0x6f, 0x4d, 0x2e, 0xf4, 0x3f,
	0x13, 0x30, 0x1d, 0x06, 0x03, 0x55, 0x1d, 0x0e, 0x04, 0x16, 0x04, 0x14,
	0x7c, 0xd8, 0xa4, 0x34, 0xdb, 0x1f, 0x53, 0x7f, 0x96, 0xf1, 0x42, 0xeb,
	0xb7, 0x7b, 0x6f, 0x4d, 0x2e, 0xf4, 0x3f, 0x13, 0x30, 0x0d, 0x06, 0x09,
	0x2a, 0x86, 0x48, 0x86, 0xf7, 0x0d, 0x01, 0x01, 0x05, 0x05, 0x00, 0x03,
	0x00, 0x30, 0x82, 0x02, 0x74, 0x30, 0x82, 0x02, 0x5f, 0xa0, 0x03, 0x02,
	0x01, 0x02, 0x02, 0x03, 0x04, 0x94, 0x4f, 0x30, 0x0d, 0x06, 0x09, 0x2a,
	0x86, 0x48, 0x86, 0xf7, 0x0d, 0x01, 0x01, 0x05, 0x05, 0x00, 0x30, 0x81,
	0x98, 0x31, 0x0b, 0x30, 0x09, 0x06, 0x03, 0x55, 0x04, 0x06, 0x13, 0x02,
	0x49, 0x54, 0x31, 0x1d, 0x30, 0x1b, 0x06, 0x03, 0x55, 0x04, 0x0a, 0x0c,
	0x14, 0x42, 0x61, 0x6e, 0x63, 0x61, 0x20, 0x64, 0x69, 0x20, 0x52, 0x6f,
	0x6d, 0x61, 0x20, 0x53, 0x2e, 0x70, 0x2e, 0x41, 0x2e, 0x31, 0x2a, 0x30,
	0x28, 0x06, 0x03, 0x55, 0x04, 0x0b, 0x0c, 0x21, 0x62, 0x61, 0x6e, 0x63,
	0x61, 0x72, 0x6f, 0x6d, 0x61, 0x20, 0x49, 0x64, 0x65, 0x6e, 0x74, 0x72,
	0x75, 0x73, 0x20, 0x49, 0x6e, 0x66, 0x72, 0x61, 0x73, 0x74, 0x72, 0x75,
	0x63, 0x74, 0x75, 0x72, 0x65, 0x31, 0x3e, 0x30, 0x3c, 0x06, 0x03, 0x55,
	0x04, 0x03, 0x0c, 0x35, 0x62, 0x61, 0x6e, 0x63, 0x61, 0x72, 0x6f, 0x6d,
	0x61, 0x20, 0x50, 0x72, 0x6f, 0x64, 0x75, 0x63, 0x74, 0x69, 0x6f, 0x6e,
	0x20, 0x49, 0x64, 0x65, 0x6e, 0x74, 0x72, 0x75, 0x73, 0x20, 0x43, 0x65,
	0x72, 0x74, 0x69, 0x66, 0x69, 0x63, 0x61, 0x74, 0x69, 0x6f, 0x6e, 0x20,
	0x41, 0x75, 0x74, 0x68, 0x6f, 0x72, 0x69, 0x74, 0x79, 0x30, 0x1e, 0x17,
	0x0d, 0x30, 0x37, 0x30, 0x32, 0x31, 0x33, 0x30, 0x39, 0x35, 0x37, 0x32,
	0x33, 0x5a, 0x17, 0x0d, 0x31, 0x33, 0x31, 0x32, 0x31, 0x31, 0x32, 0x32,
	0x31, 0x38, 0x34, 0x37, 0x5a, 0x30, 0x00, 0x30, 0x11, 0x30, 0x0d, 0x06,
	0x09, 0x2a, 0x86, 0x48, 0x86, 0xf7, 0x0d, 0x01, 0x01, 0x01, 0x05, 0x00,
	0x03, 0x00, 0xa3, 0x82, 0x01, 0x72, 0x30, 0x82, 0x01, 0x6e, 0x30, 0x0f,
	0x06, 0x03, 0x55, 0x1d, 0x13, 0x01, 0x01, 0xff, 0x04, 0x05, 0x30, 0x03,
	0x01, 0x01, 0xff, 0x30, 0x43, 0x06, 0x03, 0x55, 0x1d, 0x20, 0x04, 0x3c,
	0x30, 0x3a, 0x30, 0x38, 0x06, 0x0b, 0x2b, 0x06, 0x01, 0x04, 0x01, 0x81,
	0x9f, 0x77, 0x01, 0x01, 0x01, 0x30, 0x29, 0x30, 0x27, 0x06, 0x08, 0x2b,
	0x06, 0x01, 0x05, 0x05, 0x07, 0x02, 0x01, 0x16, 0x1b, 0x68, 0x74, 0x74,
	0x70, 0x3a, 0x2f, 0x2f, 0x77, 0x77, 0x77, 0x2e, 0x62, 0x61, 0x6e, 0x63,
	0x61, 0x72, 0x6f, 0x6d, 0x61, 0x2e, 0x69, 0x74, 0x2f, 0x63, 0x70, 0x73,
	0x30, 0x0e, 0x06, 0x03, 0x55, 0x1d, 0x0f, 0x01, 0x01, 0xff, 0x04, 0x04,
	0x03, 0x02, 0x01, 0x06, 0x30, 0x81, 0xe6, 0x06, 0x03, 0x55, 0x1d, 0x1f,
	0x04, 0x81, 0xde, 0x30, 0x81, 0xdb, 0x30, 0x81, 0xd8, 0xa0, 0x81, 0xd5,
	0xa0, 0x81, 0xd2, 0x86, 0x81, 0xcf, 0x6c, 0x64, 0x61, 0x70, 0x3a, 0x2f,
	0x2f, 0x6c, 0x64, 0x61, 0x70, 0x2e, 0x63, 0x61, 0x73, 0x65, 0x72, 0x76,
	0x30, 0x31, 0x2e, 0x62, 0x61, 0x6e, 0x63, 0x61, 0x72, 0x6f, 0x6d, 0x61,
	0x2e, 0x69, 0x74, 0x2f, 0x63, 0x6e, 0x25, 0x33, 0x64, 0x62, 0x61, 0x6e,
	0x63, 0x61, 0x72, 0x6f, 0x6d, 0x61, 0x25, 0x32, 0x30, 0x50, 0x72, 0x6f,
	0x64, 0x75, 0x63, 0x74, 0x69, 0x6f, 0x6e, 0x25, 0x32, 0x30, 0x49, 0x64,
	0x65, 0x6e, 0x74, 0x72, 0x75, 0x73, 0x25, 0x32, 0x30, 0x43, 0x65, 0x72,
	0x74, 0x69, 0x66, 0x69, 0x63, 0x61, 0x74, 0x69, 0x6f, 0x6e, 0x25, 0x32,
	0x30, 0x41, 0x75, 0x74, 0x68, 0x6f, 0x72, 0x69, 0x74, 0x79, 0x2c, 0x6f,
	0x75, 0x25, 0x33, 0x64, 0x62, 0x61, 0x6e, 0x63, 0x61, 0x72, 0x6f, 0x6d,
	0x61, 0x25, 0x32, 0x30, 0x49, 0x64, 0x65, 0x6e, 0x74, 0x72, 0x75, 0x73,
	0x25, 0x32, 0x30, 0x49, 0x6e, 0x66, 0x72, 0x61, 0x73, 0x74, 0x72, 0x75,
	0x63, 0x74, 0x75, 0x72, 0x65, 0x2c, 0x6f, 0x25, 0x33, 0x64, 0x42, 0x61,
	0x6e, 0x63, 0x61, 0x25, 0x32, 0x30, 0x64, 0x69, 0x25, 0x32, 0x30, 0x52,
	0x6f, 0x6d, 0x61, 0x25, 0x32, 0x30, 0x53, 0x2e, 0x70, 0x2e, 0x41, 0x2e,
	0x2c, 0x63, 0x25, 0x33, 0x64, 0x49, 0x54, 0x3f, 0x63, 0x65, 0x72, 0x74,
	0x69, 0x66, 0x69, 0x63, 0x61, 0x74, 0x65, 0x52, 0x65, 0x76, 0x6f, 0x63,
	0x61, 0x74, 0x69, 0x6f, 0x6e, 0x4c, 0x69, 0x73, 0x74, 0x30, 0x1d, 0x06,
	0x03, 0x55, 0x1d, 0x0e, 0x04, 0x16, 0x04, 0x14, 0x11, 0xe7, 0x80, 0xfd,
	0x05, 0x68, 0xef, 0xe9, 0x28, 0x2e, 0xb3, 0x8d, 0xc7, 0xf8, 0x80, 0x3e,
	0x39, 0x33, 0xeb, 0xba, 0x30, 0x0d, 0x06, 0x09, 0x2a, 0x86, 0x48, 0x86,
	0xf7, 0x0d, 0x01, 0x01, 0x05, 0x05, 0x00, 0x03, 0x00, 0x30, 0x82, 0x02,
	0x54, 0x30, 0x82, 0x02, 0x3f, 0xa0, 0x03, 0x02, 0x01, 0x02, 0x02, 0x04,
	0x3f, 0xcb, 0x46, 0xeb, 0x30, 0x0d, 0x06, 0x09, 0x2a, 0x86, 0x48, 0x86,
	0xf7, 0x0d, 0x01, 0x01, 0x05, 0x05, 0x00, 0x30, 0x56, 0x31, 0x0b, 0x30,
	0x09, 0x06, 0x03, 0x55, 0x04, 0x06, 0x13, 0x02, 0x49, 0x54, 0x31, 0x12,
	0x30, 0x10, 0x06, 0x03, 0x55, 0x04, 0x0a, 0x0c, 0x09, 0x53, 0x6f, 0x67,
	0x65, 0x69, 0x20, 0x53, 0x70, 0x41, 0x31, 0x22, 0x30, 0x20, 0x06, 0x03,
	0x55, 0x04, 0x0b, 0x0c, 0x19, 0x53, 0x65, 0x72, 0x76, 0x69, 0x7a, 0x69,
	0x20, 0x64, 0x69, 0x20, 0x43, 0x65, 0x72, 0x74, 0x69, 0x66, 0x69, 0x63,
	0x61, 0x7a, 0x69, 0x6f, 0x6e, 0x65, 0x31, 0x0f, 0x30, 0x0d, 0x06, 0x03,
	0x55, 0x04, 0x0b, 0x0c, 0x06, 0x43, 0x41, 0x20, 0x54, 0x53, 0x41, 0x30,
	0x1e, 0x17, 0x0d, 0x30, 0x34, 0x31, 0x32, 0x32, 0x33, 0x31, 0x31, 0x33,
	0x37, 0x33, 0x31, 0x5a, 0x17, 0x0d, 0x31, 0x34, 0x31, 0x32, 0x32, 0x33,
	0x31, 0x32, 0x30, 0x37, 0x33, 0x31, 0x5a, 0x30, 0x00, 0x30, 0x11, 0x30,
	0x0d, 0x06, 0x09, 0x2a, 0x86, 0x48, 0x86, 0xf7, 0x0d, 0x01, 0x01, 0x01,
	0x05, 0x00, 0x03, 0x00, 0xa3, 0x82, 0x01, 0x94, 0x30, 0x82, 0x01, 0x90,
	0x30, 0x12, 0x06, 0x03, 0x55, 0x1d, 0x13, 0x01, 0x01, 0xff, 0x04, 0x08,
	0x30, 0x06, 0x01, 0x01, 0xff, 0x02, 0x01, 0x00, 0x30, 0x0e, 0x06, 0x03,
	0x55, 0x1d, 0x0f, 0x01, 0x01, 0xff, 0x04, 0x04, 0x03, 0x02, 0x01, 0x06,
	0x30, 0x58, 0x06, 0x03, 0x55, 0x1d, 0x20, 0x04, 0x51, 0x30, 0x4f, 0x30,
	0x4d, 0x06, 0x05, 0x2b, 0x4c, 0x1d, 0x01, 0x02, 0x30, 0x44, 0x30, 0x42,
	0x06, 0x08, 0x2b, 0x06, 0x01, 0x05, 0x05, 0x07, 0x02, 0x01, 0x16, 0x36,
	0x68, 0x74, 0x74, 0x70, 0x3a, 0x2f, 0x2f, 0x77, 0x77, 0x77, 0x2e, 0x63,
	0x61, 0x2e, 0x73, 0x6f, 0x67, 0x65, 0x69, 0x2e, 0x69, 0x74, 0x2f, 0x4d,
	0x61, 0x6e, 0x75, 0x61, 0x6c, 0x69, 0x2f, 0x4d, 0x61, 0x6e, 0x75, 0x61,
	0x6c, 0x65, 0x4f, 0x70, 0x65, 0x72, 0x61, 0x74, 0x69, 0x76, 0x6f, 0x54,
	0x53, 0x41, 0x2e, 0x70, 0x64, 0x66, 0x30, 0x81, 0xf0, 0x06, 0x03, 0x55,
	0x1d, 0x1f, 0x04, 0x81, 0xe8, 0x30, 0x81, 0xe5, 0x30, 0x6d, 0xa0, 0x6b,
	0xa0, 0x69, 0xa4, 0x67, 0x30, 0x65, 0x31, 0x0b, 0x30, 0x09, 0x06, 0x03,
	0x55, 0x04, 0x06, 0x13, 0x02, 0x49, 0x54, 0x31, 0x12, 0x30, 0x10, 0x06,
	0x03, 0x55, 0x04, 0x0a, 0x0c, 0x09, 0x53, 0x6f, 0x67, 0x65, 0x69, 0x20,
	0x53, 0x70, 0x41, 0x31, 0x22, 0x30, 0x20, 0x06, 0x03, 0x55, 0x04, 0x0b,
	0x0c, 0x19, 0x53, 0x65, 0x72, 0x76, 0x69, 0x7a, 0x69, 0x20, 0x64, 0x69,
	0x20, 0x43, 0x65, 0x72, 0x74, 0x69, 0x66, 0x69, 0x63, 0x61, 0x7a, 0x69,
	0x6f, 0x6e, 0x65, 0x31, 0x0f, 0x30, 0x0d, 0x06, 0x03, 0x55, 0x04, 0x0b,
	0x0c, 0x06, 0x43, 0x41, 0x20, 0x54, 0x53, 0x41, 0x31, 0x0d, 0x30, 0x0b,
	0x06, 0x03, 0x55, 0x04, 0x03, 0x0c, 0x04, 0x43, 0x52, 0x4c, 0x31, 0x30,
	0x74, 0xa0, 0x72, 0xa0, 0x70, 0x86, 0x6e, 0x6c, 0x64, 0x61, 0x70, 0x3a,
	0x2f, 0x2f, 0x63, 0x61, 0x64, 0x73, 0x2e, 0x73, 0x6f, 0x67, 0x65, 0x69,
	0x2e, 0x69, 0x74, 0x2f, 0x6f, 0x75, 0x3d, 0x43, 0x41, 0x25, 0x32, 0x30,
	0x54, 0x53, 0x41, 0x2c, 0x6f, 0x75, 0x3d, 0x53, 0x65, 0x72, 0x76, 0x69,
	0x7a, 0x69, 0x25, 0x32, 0x30, 0x64, 0x69, 0x25, 0x32, 0x30, 0x43, 0x65,
	0x72, 0x74, 0x69, 0x66, 0x69, 0x63, 0x61, 0x7a, 0x69, 0x6f, 0x6e, 0x65,
	0x2c, 0x6f, 0x3d, 0x53, 0x6f, 0x67, 0x65, 0x69, 0x25, 0x32, 0x30, 0x53,
	0x70, 0x41, 0x2c, 0x63, 0x3d, 0x49, 0x54, 0x3f, 0x63, 0x65, 0x72, 0x74,
	0x69, 0x66, 0x69, 0x63, 0x61, 0x74, 0x65, 0x52, 0x65, 0x76, 0x6f, 0x63,
	0x61, 0x74, 0x69, 0x6f, 0x6e, 0x4c, 0x69, 0x73, 0x74, 0x30, 0x1d, 0x06,
	0x03, 0x55, 0x1d, 0x0e, 0x04, 0x16, 0x04, 0x14, 0xd0, 0x70, 0x53, 0x0a,
	0x9d, 0xc6, 0xfc, 0x9c, 0x0e, 0xf7, 0x46, 0xcd, 0x9f, 0x95, 0x69, 0x3c,
	0xa3, 0xa9, 0x8d, 0xeb, 0x30, 0x0d, 0x06, 0x09, 0x2a, 0x86, 0x48, 0x86,
	0xf7, 0x0d, 0x01, 0x01, 0x05, 0x05, 0x00, 0x03, 0x00, 0x30, 0x82, 0x02,
	0x75, 0x30, 0x82, 0x02, 0x60, 0xa0, 0x03, 0x02, 0x01, 0x02, 0x02, 0x01,
	0x01, 0x30, 0x0d, 0x06, 0x09, 0x2a, 0x86, 0x48, 0x86, 0xf7, 0x0d, 0x01,
	0x01, 0x05, 0x05, 0x00, 0x30, 0x81, 0xc2, 0x31, 0x0b, 0x30, 0x09, 0x06,
	0x03, 0x55, 0x04, 0x06, 0x13, 0x02, 0x49, 0x54, 0x31, 0x0b, 0x30, 0x09,
	0x06, 0x03, 0x55, 0x04, 0x08, 0x13, 0x02, 0x52, 0x4d, 0x31, 0x0d, 0x30,
	0x0b, 0x06, 0x03, 0x55, 0x04, 0x07, 0x13, 0x04, 0x52, 0x6f, 0x6d, 0x61,
	0x31, 0x24, 0x30, 0x22, 0x06, 0x03, 0x55, 0x04, 0x0a, 0x13, 0x1b, 0x43,
	0x6f, 0x6e, 0x73, 0x69, 0x67, 0x6c, 0x69, 0x6f, 0x20, 0x4e, 0x61, 0x7a,
	0x69, 0x6f, 0x6e, 0x61, 0x6c, 0x65, 0x20, 0x46, 0x6f, 0x72, 0x65, 0x6e,
	0x73, 0x65, 0x31, 0x35, 0x30, 0x33, 0x06, 0x03, 0x55, 0x04, 0x03, 0x13,
	0x2c, 0x43, 0x6f, 0x6e, 0x73, 0x69, 0x67, 0x6c, 0x69, 0x6f, 0x20, 0x4e,
	0x61, 0x7a, 0x69, 0x6f, 0x6e, 0x61, 0x6c, 0x65, 0x20, 0x46, 0x6f, 0x72,
	0x65, 0x6e, 0x73, 0x65, 0x20, 0x2d, 0x20, 0x46, 0x69, 0x72, 0x6d, 0x61,
	0x20, 0x44, 0x69, 0x67, 0x69, 0x74, 0x61, 0x6c, 0x65, 0x31, 0x3a, 0x30,
	0x38, 0x06, 0x09, 0x2a, 0x86, 0x48, 0x86, 0xf7, 0x0d, 0x01, 0x09, 0x01,
	0x16, 0x2b, 0x63, 0x65, 0x72, 0x74, 0x69, 0x66, 0x69, 0x63, 0x61, 0x7a,
	0x69, 0x6f, 0x6e, 0x65, 0x40, 0x63, 0x6f, 0x6e, 0x73, 0x69, 0x67, 0x6c,
	0x69, 0x6f, 0x6e, 0x61, 0x7a, 0x69, 0x6f, 0x6e, 0x61, 0x6c, 0x65, 0x66,
	0x6f, 0x72, 0x65, 0x6e, 0x73, 0x65, 0x2e, 0x69, 0x74, 0x30, 0x1e, 0x17,
	0x0d, 0x30, 0x33, 0x30, 0x39, 0x33, 0x30, 0x31, 0x37, 0x31, 0x31, 0x32,
	0x36, 0x5a, 0x17, 0x0d, 0x31, 0x33, 0x30, 0x39, 0x32, 0x37, 0x31, 0x37,
	0x31, 0x31, 0x32, 0x36, 0x5a, 0x30, 0x00, 0x30, 0x11, 0x30, 0x0d, 0x06,
	0x09, 0x2a, 0x86, 0x48, 0x86, 0xf7, 0x0d, 0x01, 0x01, 0x01, 0x05, 0x00,
	0x03, 0x00, 0xa3, 0x82, 0x01, 0x4b, 0x30, 0x82, 0x01, 0x47, 0x30, 0x0f,
	0x06, 0x03, 0x55, 0x1d, 0x13, 0x01, 0x01, 0xff, 0x04, 0x05, 0x30, 0x03,
	0x01, 0x01, 0xff, 0x30, 0x0e, 0x06, 0x03, 0x55, 0x1d, 0x0f, 0x01, 0x01,
	0xff, 0x04, 0x04, 0x03, 0x02, 0x01, 0x06, 0x30, 0x69, 0x06, 0x03, 0x55,
	0x1d, 0x20, 0x04, 0x62, 0x30, 0x60, 0x30, 0x5e, 0x06, 0x06, 0x2b, 0x4c,
	0x1c, 0x01, 0x01, 0x01, 0x30, 0x54, 0x30, 0x52, 0x06, 0x08, 0x2b, 0x06,
	0x01, 0x05, 0x05, 0x07, 0x02, 0x01, 0x16, 0x46, 0x68, 0x74, 0x74, 0x70,
	0x3a, 0x2f, 0x2f, 0x77, 0x77, 0x77, 0x2e, 0x63, 0x6f, 0x6e, 0x73, 0x69,
	0x67, 0x6c, 0x69, 0x6f, 0x6e, 0x61, 0x7a, 0x69, 0x6f, 0x6e, 0x61, 0x6c,
	0x65, 0x66, 0x6f, 0x72, 0x65, 0x6e, 0x73, 0x65, 0x2e, 0x69, 0x74, 0x2f,
	0x66, 0x69, 0x72, 0x6d, 0x61, 0x64, 0x69, 0x67, 0x69, 0x74, 0x61, 0x6c,
	0x65, 0x2f, 0x6d, 0x61, 0x6e, 0x75, 0x61, 0x6c, 0x65, 0x6f, 0x70, 0x65,
	0x72, 0x61, 0x74, 0x69, 0x76, 0x6f, 0x30, 0x81, 0x99, 0x06, 0x03, 0x55,
	0x1d, 0x1f, 0x04, 0x81, 0x91, 0x30, 0x81, 0x8e, 0x30, 0x81, 0x8b, 0xa0,
	0x81, 0x88, 0xa0, 0x81, 0x85, 0x86, 0x81, 0x82, 0x6c, 0x64, 0x61, 0x70,
	0x3a, 0x2f, 0x2f, 0x66, 0x65, 0x2e, 0x63, 0x73, 0x70, 0x2e, 0x6d, 0x75,
	0x6c, 0x74, 0x69, 0x63, 0x65, 0x72, 0x74, 0x69, 0x66, 0x79, 0x2e, 0x63,
	0x6f, 0x6d, 0x3a, 0x33, 0x38, 0x39, 0x2f, 0x6f, 0x75, 0x25, 0x33, 0x44,
	0x43, 0x6f, 0x6e, 0x73, 0x69, 0x67, 0x6c, 0x69, 0x6f, 0x25, 0x32, 0x30,
	0x4e, 0x61, 0x7a, 0x69, 0x6f, 0x6e, 0x61, 0x6c, 0x65, 0x25, 0x32, 0x30,
	0x46, 0x6f, 0x72, 0x65, 0x6e, 0x73, 0x65, 0x25, 0x32, 0x30, 0x2d, 0x25,
	0x32, 0x30, 0x46, 0x69, 0x72, 0x6d, 0x61, 0x25, 0x32, 0x30, 0x44, 0x69,
	0x67, 0x69, 0x74, 0x61, 0x6c, 0x65, 0x25, 0x32, 0x43, 0x6f, 0x25, 0x33,
	0x44, 0x43, 0x53, 0x50, 0x3f, 0x63, 0x65, 0x72, 0x74, 0x69, 0x66, 0x69,
	0x63, 0x61, 0x74, 0x65, 0x72, 0x65, 0x76, 0x6f, 0x63, 0x61, 0x74, 0x69,
	0x6f, 0x6e, 0x6c, 0x69, 0x73, 0x74, 0x30, 0x1d, 0x06, 0x03, 0x55, 0x1d,
	0x0e, 0x04, 0x16, 0x04, 0x14, 0x26, 0xe1, 0x1c, 0x34, 0x00, 0x6c, 0x0a,
	0xb1, 0x7b, 0xd7, 0x4e, 0xa3, 0xd8, 0x21, 0x1f, 0x91, 0x2d, 0x44, 0x98,
	0xb9, 0x30, 0x0d, 0x06, 0x09, 0x2a, 0x86, 0x48, 0x86, 0xf7, 0x0d, 0x01,
	0x01, 0x05, 0x05, 0x00, 0x03, 0x00, 0x30, 0x82, 0x03, 0x2f, 0x30, 0x82,
	0x03, 0x1a, 0xa0, 0x03, 0x02, 0x01, 0x02, 0x02, 0x01, 0x1c, 0x30, 0x0d,
	0x06, 0x09, 0x2a, 0x86, 0x48, 0x86, 0xf7, 0x0d, 0x01, 0x01, 0x05, 0x05,
	0x00, 0x30, 0x81, 0x88, 0x31, 0x0b, 0x30, 0x09, 0x06, 0x03, 0x55, 0x04,
	0x06, 0x13, 0x02, 0x49, 0x54, 0x31, 0x18, 0x30, 0x16, 0x06, 0x03, 0x55,
	0x04, 0x0a, 0x13, 0x0f, 0x49, 0x6e, 0x66, 0x6f, 0x43, 0x61, 0x6d, 0x65,
	0x72, 0x65, 0x20, 0x53, 0x43, 0x70, 0x41, 0x31, 0x30, 0x30, 0x2e, 0x06,
	0x03, 0x55, 0x04, 0x0b, 0x13, 0x27, 0x45, 0x6e, 0x74, 0x65, 0x20, 0x43,
	0x65, 0x72, 0x74, 0x69, 0x66, 0x69, 0x63, 0x61, 0x74, 0x6f, 0x72, 0x65,
	0x20, 0x64, 0x65, 0x6c, 0x20, 0x53, 0x69, 0x73, 0x74, 0x65, 0x6d, 0x61,
	0x20, 0x43, 0x61, 0x6d, 0x65, 0x72, 0x61, 0x6c, 0x65, 0x31, 0x2d, 0x30,
	0x2b, 0x06, 0x03, 0x55, 0x04, 0x03, 0x13, 0x24, 0x49, 0x6e, 0x66, 0x6f,
	0x43, 0x61, 0x6d, 0x65, 0x72, 0x65, 0x20, 0x53, 0x65, 0x72, 0x76, 0x69,
	0x7a, 0x69, 0x20, 0x64, 0x69, 0x20, 0x43, 0x65, 0x72, 0x74, 0x69, 0x66,
	0x69, 0x63, 0x61, 0x7a, 0x69, 0x6f, 0x6e, 0x65, 0x30, 0x1e, 0x17, 0x0d,
	0x30, 0x31, 0x30, 0x31, 0x31, 0x36, 0x30, 0x39, 0x31, 0x37, 0x30, 0x30,
	0x5a, 0x17, 0x0d, 0x31, 0x31, 0x30, 0x31, 0x31, 0x36, 0x32, 0x33, 0x35,
	0x39, 0x30, 0x30, 0x5a, 0x30, 0x00, 0x30, 0x11, 0x30, 0x0d, 0x06, 0x09,
	0x2a, 0x86, 0x48, 0x86, 0xf7, 0x0d, 0x01, 0x01, 0x01, 0x05, 0x00, 0x03,
	0x00, 0xa3, 0x82, 0x02, 0x3f, 0x30, 0x82, 0x02, 0x3b, 0x30, 0x11, 0x06,
	0x09, 0x60, 0x86, 0x48, 0x01, 0x86, 0xf8, 0x42, 0x01, 0x01, 0x04, 0x04,
	0x03, 0x02, 0x00, 0x07, 0x30, 0x81, 0xbd, 0x06, 0x03, 0x55, 0x1d, 0x12,
	0x04, 0x81, 0xb5, 0x30, 0x81, 0xb2, 0x86, 0x81, 0xaf, 0x6c, 0x64, 0x61,
	0x70, 0x3a, 0x2f, 0x2f, 0x6c, 0x64, 0x61, 0x70, 0x2e, 0x69, 0x6e, 0x66,
	0x6f, 0x63, 0x61, 0x6d, 0x65, 0x72, 0x65, 0x2e, 0x69, 0x74, 0x2f, 0x63,
	0x6e, 0x25, 0x33, 0x44, 0x49, 0x6e, 0x66, 0x6f, 0x43, 0x61, 0x6d, 0x65,
	0x72, 0x65, 0x25, 0x32, 0x30, 0x53, 0x65, 0x72, 0x76, 0x69, 0x7a, 0x69,
	0x25, 0x32, 0x30, 0x64, 0x69, 0x25, 0x32, 0x30, 0x43, 0x65, 0x72, 0x74,
	0x69, 0x66, 0x69, 0x63, 0x61, 0x7a, 0x69, 0x6f, 0x6e, 0x65, 0x25, 0x32,
	0x43, 0x6f, 0x75, 0x25, 0x33, 0x44, 0x45, 0x6e, 0x74, 0x65, 0x25, 0x32,
	0x30, 0x43, 0x65, 0x72, 0x74, 0x69, 0x66, 0x69, 0x63, 0x61, 0x74, 0x6f,
	0x72, 0x65, 0x25, 0x32, 0x30, 0x64, 0x65, 0x6c, 0x25, 0x32, 0x30, 0x53,
	0x69, 0x73, 0x74, 0x65, 0x6d, 0x61, 0x25, 0x32, 0x30, 0x43, 0x61, 0x6d,
	0x65, 0x72, 0x61, 0x6c, 0x65, 0x25, 0x32, 0x43, 0x6f, 0x25, 0x33, 0x44,
	0x49, 0x6e, 0x66, 0x6f, 0x43, 0x61, 0x6d, 0x65, 0x72, 0x65, 0x25, 0x32,
	0x30, 0x53, 0x43, 0x70, 0x41, 0x25, 0x32, 0x43, 0x63, 0x25, 0x33, 0x44,
	0x49, 0x54, 0x3f, 0x63, 0x61, 0x63, 0x65, 0x72, 0x74, 0x69, 0x66, 0x69,
	0x63, 0x61, 0x74, 0x65, 0x30, 0x81, 0xd2, 0x06, 0x03, 0x55, 0x1d, 0x1f,
	0x04, 0x81, 0xca, 0x30, 0x81, 0xc7, 0x30, 0x81, 0xc4, 0xa0, 0x81, 0xc1,
	0xa0, 0x81, 0xbe, 0x86, 0x81, 0xbb, 0x6c, 0x64, 0x61, 0x70, 0x3a, 0x2f,
	0x2f, 0x6c, 0x64, 0x61, 0x70, 0x2e, 0x69, 0x6e, 0x66, 0x6f, 0x63, 0x61,
	0x6d, 0x65, 0x72, 0x65, 0x2e, 0x69, 0x74, 0x2f, 0x63, 0x6e, 0x25, 0x33,
	0x44, 0x49, 0x6e, 0x66, 0x6f, 0x43, 0x61, 0x6d, 0x65, 0x72, 0x65, 0x25,
	0x32, 0x30, 0x53, 0x65, 0x72, 0x76, 0x69, 0x7a, 0x69, 0x25, 0x32, 0x30,
	0x64, 0x69, 0x25, 0x32, 0x30, 0x43, 0x65, 0x72, 0x74, 0x69, 0x66, 0x69,
	0x63, 0x61, 0x7a, 0x69, 0x6f, 0x6e, 0x65, 0x25, 0x32, 0x43, 0x6f, 0x75,
	0x25, 0x33, 0x44, 0x45, 0x6e, 0x74, 0x65, 0x25, 0x32, 0x30, 0x43, 0x65,
	0x72, 0x74, 0x69, 0x66, 0x69, 0x63, 0x61, 0x74, 0x6f, 0x72, 0x65, 0x25,
	0x32, 0x30, 0x64, 0x65, 0x6c, 0x25, 0x32, 0x30, 0x53, 0x69, 0x73, 0x74,
	0x65, 0x6d, 0x61, 0x25, 0x32, 0x30, 0x43, 0x61, 0x6d, 0x65, 0x72, 0x61,
	0x6c, 0x65, 0x25, 0x32, 0x43, 0x6f, 0x25, 0x33, 0x44, 0x49, 0x6e, 0x66,
	0x6f, 0x43, 0x61, 0x6d, 0x65, 0x72, 0x65, 0x25, 0x32, 0x30, 0x53, 0x43,
	0x70, 0x41, 0x25, 0x32, 0x43, 0x63, 0x25, 0x33, 0x44, 0x49, 0x54, 0x3f,
	0x63, 0x65, 0x72, 0x74, 0x69, 0x66, 0x69, 0x63, 0x61, 0x74, 0x65, 0x72,
	0x65, 0x76, 0x6f, 0x63, 0x61, 0x74, 0x69, 0x6f, 0x6e, 0x6c, 0x69, 0x73,
	0x74, 0x30, 0x54, 0x06, 0x03, 0x55, 0x1d, 0x20, 0x04, 0x4d, 0x30, 0x4b,
	0x30, 0x49, 0x06, 0x06, 0x2b, 0x4c, 0x0e, 0x01, 0x01, 0x02, 0x30, 0x3f,
	0x30, 0x3d, 0x06, 0x08, 0x2b, 0x06, 0x01, 0x05, 0x05, 0x07, 0x02, 0x01,
	0x16, 0x31, 0x68, 0x74, 0x74, 0x70, 0x3a, 0x2f, 0x2f, 0x77, 0x77, 0x77,
	0x2e, 0x63, 0x61, 0x72, 0x64, 0x2e, 0x69, 0x6e, 0x66, 0x6f, 0x63, 0x61,
	0x6d, 0x65, 0x72, 0x65, 0x2e, 0x69, 0x74, 0x2f, 0x63, 0x65, 0x72, 0x74,
	0x2f, 0x63, 0x70, 0x73, 0x2f, 0x63, 0x70, 0x73, 0x67, 0x65, 0x6e, 0x2e,
	0x68, 0x74, 0x6d, 0x30, 0x1d, 0x06, 0x03, 0x55, 0x1d, 0x0e, 0x04, 0x16,
	0x04, 0x14, 0x84, 0x7b, 0xef, 0x62, 0x2e, 0xde, 0x74, 0xe5, 0x11, 0x1f,
	0x75, 0x39, 0xfb, 0xbc, 0x2f, 0x1b, 0x9c, 0xb6, 0x32, 0x55, 0x30, 0x0e,
	0x06, 0x03, 0x55, 0x1d, 0x0f, 0x01, 0x01, 0xff, 0x04, 0x04, 0x03, 0x02,
	0x01, 0x06, 0x30, 0x0c, 0x06, 0x03, 0x55, 0x1d, 0x13, 0x04, 0x05, 0x30,
	0x03, 0x01, 0x01, 0xff, 0x30, 0x0d, 0x06, 0x09, 0x2a, 0x86, 0x48, 0x86,
	0xf7, 0x0d, 0x01, 0x01, 0x05, 0x05, 0x00, 0x03, 0x00, 0x30, 0x82, 0x03,
	0x74, 0x30, 0x82, 0x03, 0x5f, 0xa0, 0x03, 0x02, 0x01, 0x02, 0x02, 0x01,
	0x01, 0x30, 0x0d, 0x06, 0x09, 0x2a, 0x86, 0x48, 0x86, 0xf7, 0x0d, 0x01,
	0x01, 0x05, 0x05, 0x00, 0x30, 0x7a, 0x31, 0x0b, 0x30, 0x09, 0x06, 0x03,
	0x55, 0x04, 0x06, 0x13, 0x02, 0x49, 0x54, 0x31, 0x17, 0x30, 0x15, 0x06,
	0x03, 0x55, 0x04, 0x0a, 0x13, 0x0e, 0x41, 0x63, 0x74, 0x61, 0x6c, 0x69,
	0x73, 0x20, 0x53, 0x2e, 0x70, 0x2e, 0x41, 0x2e, 0x31, 0x29, 0x30, 0x27,
	0x06, 0x03, 0x55, 0x04, 0x0b, 0x13, 0x20, 0x43, 0x65, 0x72, 0x74, 0x69,
	0x66, 0x69, 0x63, 0x61, 0x74, 0x69, 0x6f, 0x6e, 0x20, 0x53, 0x65, 0x72,
	0x76, 0x69, 0x63, 0x65, 0x20, 0x50, 0x72, 0x6f, 0x76, 0x69, 0x64, 0x65,
	0x72, 0x20, 0x31, 0x31, 0x27, 0x30, 0x25, 0x06, 0x03, 0x55, 0x04, 0x03,
	0x13, 0x1e, 0x41, 0x63, 0x74, 0x61, 0x6c, 0x69, 0x73, 0x20, 0x43, 0x41,
	0x20, 0x70, 0x65, 0x72, 0x20, 0x63, 0x65, 0x72, 0x74, 0x69, 0x66, 0x69,
	0x63, 0x61, 0x74, 0x69, 0x20, 0x43, 0x4e, 0x53, 0x30, 0x1e, 0x17, 0x0d,
	0x30, 0x34, 0x30, 0x35, 0x31, 0x33, 0x31, 0x32, 0x34, 0x37, 0x30, 0x32,
	0x5a, 0x17, 0x0d, 0x31, 0x34, 0x30, 0x35, 0x31, 0x33, 0x31, 0x32, 0x34,
	0x35, 0x35, 0x36, 0x5a, 0x30, 0x00, 0x30, 0x11, 0x30, 0x0d, 0x06, 0x09,
	0x2a, 0x86, 0x48, 0x86, 0xf7, 0x0d, 0x01, 0x01, 0x01, 0x05, 0x00, 0x03,
	0x00, 0xa3, 0x82, 0x02, 0x93, 0x30, 0x82, 0x02, 0x8f, 0x30, 0x0f, 0x06,
	0x03, 0x55, 0x1d, 0x13, 0x01, 0x01, 0xff, 0x04, 0x05, 0x30, 0x03, 0x01,
	0x01, 0xff, 0x30, 0x81, 0xf7, 0x06, 0x03, 0x55, 0x1d, 0x20, 0x04, 0x81,
	0xef, 0x30, 0x81, 0xec, 0x30, 0x81, 0xe9, 0x06, 0x06, 0x2b, 0x81, 0x1f,
	0x01, 0x0a, 0x01, 0x30, 0x81, 0xde, 0x30, 0x81, 0x9a, 0x06, 0x08, 0x2b,
	0x06, 0x01, 0x05, 0x05, 0x07, 0x02, 0x02, 0x30, 0x81, 0x8d, 0x1a, 0x81,
	0x8a, 0x4c, 0x27, 0x75, 0x73, 0x6f, 0x20, 0x64, 0x65, 0x69, 0x20, 0x63,
	0x65, 0x72, 0x74, 0x69, 0x66, 0x69, 0x63, 0x61, 0x74, 0x69, 0x20, 0x65,
	0x6d, 0x65, 0x73, 0x73, 0x69, 0x20, 0x64, 0x61, 0x20, 0x41, 0x63, 0x74,
	0x61, 0x6c, 0x69, 0x73, 0x20, 0x53, 0x2e, 0x70, 0x2e, 0x41, 0x2e, 0x20,
	0x28, 0x52, 0x45, 0x41, 0x20, 0x6e, 0x2e, 0x31, 0x20, 0x36, 0x36, 0x39,
	0x34, 0x31, 0x31, 0x2c, 0x20, 0x54, 0x72, 0x69, 0x62, 0x2e, 0x20, 0x4d,
	0x69, 0x6c, 0x61, 0x6e, 0x6f, 0x29, 0x20, 0x65, 0x27, 0x20, 0x73, 0x6f,
	0x67, 0x67, 0x65, 0x74, 0x74, 0x6f, 0x20, 0x61, 0x6c, 0x6c, 0x65, 0x20,
	0x63, 0x6f, 0x6e, 0x64, 0x69, 0x7a, 0x69, 0x6f, 0x6e, 0x69, 0x20, 0x70,
	0x72, 0x65, 0x63, 0x69, 0x73, 0x61, 0x74, 0x65, 0x20, 0x6e, 0x65, 0x6c,
	0x20, 0x4d, 0x61, 0x6e, 0x75, 0x61, 0x6c, 0x65, 0x20, 0x4f, 0x70, 0x65,
	0x72, 0x61, 0x74, 0x69, 0x76, 0x6f, 0x2e, 0x30, 0x3f, 0x06, 0x08, 0x2b,
	0x06, 0x01, 0x05, 0x05, 0x07, 0x02, 0x01, 0x16, 0x33, 0x68, 0x74, 0x74,
	0x70, 0x73, 0x3a, 0x2f, 0x2f, 0x70, 0x6f, 0x72, 0x74, 0x61, 0x6c, 0x2e,
	0x61, 0x63, 0x74, 0x61, 0x6c, 0x69, 0x73, 0x2e, 0x69, 0x74, 0x2f, 0x52,
	0x65, 0x70, 0x6f, 0x73, 0x69, 0x74, 0x6f, 0x72, 0x79, 0x2f, 0x50, 0x6f,
	0x6c, 0x69, 0x63, 0x79, 0x2f, 0x43, 0x4e, 0x53, 0x2f, 0x43, 0x50, 0x53,
	0x30, 0x1a, 0x06, 0x03, 0x55, 0x1d, 0x11, 0x04, 0x13, 0x30, 0x11, 0x81,
	0x0f, 0x69, 0x6e, 0x66, 0x6f, 0x40, 0x61, 0x63, 0x74, 0x61, 0x6c, 0x69,
	0x73, 0x2e, 0x69, 0x74, 0x30, 0x43, 0x06, 0x08, 0x2b, 0x06, 0x01, 0x05,
	0x05, 0x07, 0x01, 0x01, 0x04, 0x37, 0x30, 0x35, 0x30, 0x33, 0x06, 0x08,
	0x2b, 0x06, 0x01, 0x05, 0x05, 0x07, 0x30, 0x01, 0x86, 0x27, 0x68, 0x74,
	0x74, 0x70, 0x73, 0x3a, 0x2f, 0x2f, 0x6f, 0x6e, 0x6c, 0x69, 0x6e, 0x65,
	0x76, 0x61, 0x6c, 0x69, 0x64, 0x61, 0x74, 0x69, 0x6f, 0x6e, 0x2e, 0x61,
	0x63, 0x74, 0x61, 0x6c, 0x69, 0x73, 0x2e, 0x69, 0x74, 0x2f, 0x43, 0x4e,
	0x53, 0x30, 0x81, 0xf1, 0x06, 0x03, 0x55, 0x1d, 0x1f, 0x04, 0x81, 0xe9,
	0x30, 0x81, 0xe6, 0x30, 0x81, 0xad, 0xa0, 0x81, 0xaa, 0xa0, 0x81, 0xa7,
	0x86, 0x81, 0xa4, 0x6c, 0x64, 0x61, 0x70, 0x3a, 0x2f, 0x2f, 0x6c, 0x64,
	0x61, 0x70, 0x2e, 0x61, 0x63, 0x74, 0x61, 0x6c, 0x69, 0x73, 0x2e, 0x69,
	0x74, 0x2f, 0x63, 0x6e, 0x25, 0x33, 0x64, 0x41, 0x63, 0x74, 0x61, 0x6c,
	0x69, 0x73, 0x25, 0x32, 0x30, 0x43, 0x41, 0x25, 0x32, 0x30, 0x70, 0x65,
	0x72, 0x25, 0x32, 0x30, 0x63, 0x65, 0x72, 0x74, 0x69, 0x66, 0x69, 0x63,
	0x61, 0x74, 0x69, 0x25, 0x32, 0x30, 0x43, 0x4e, 0x53, 0x2c, 0x6f, 0x75,
	0x25, 0x33, 0x64, 0x43, 0x65, 0x72, 0x74, 0x69, 0x66, 0x69, 0x63, 0x61,
	0x74, 0x69, 0x6f, 0x6e, 0x25, 0x32, 0x30, 0x53, 0x65, 0x72, 0x76, 0x69,
	0x63, 0x65, 0x25, 0x32, 0x30, 0x50, 0x72, 0x6f, 0x76, 0x69, 0x64, 0x65,
	0x72, 0x25, 0x32, 0x30, 0x31, 0x2c, 0x6f, 0x25, 0x33, 0x64, 0x41, 0x63,
	0x74, 0x61, 0x6c, 0x69, 0x73, 0x25, 0x32, 0x30, 0x53, 0x2e, 0x70, 0x2e,
	0x41, 0x2e, 0x2c, 0x63, 0x25, 0x33, 0x64, 0x49, 0x54, 0x3f, 0x63, 0x65,
	0x72, 0x74, 0x69, 0x66, 0x69, 0x63, 0x61, 0x74, 0x65, 0x52, 0x65, 0x76,
	0x6f, 0x63, 0x61, 0x74, 0x69, 0x6f, 0x6e, 0x4c, 0x69, 0x73, 0x74, 0x30,
	0x34, 0xa0, 0x32, 0xa0, 0x30, 0x86, 0x2e, 0x68, 0x74, 0x74, 0x70, 0x3a,
	0x2f, 0x2f, 0x70, 0x6f, 0x72, 0x74, 0x61, 0x6c, 0x2e, 0x61, 0x63, 0x74,
	0x61, 0x6c, 0x69, 0x73, 0x2e, 0x69, 0x74, 0x2f, 0x52, 0x65, 0x70, 0x6f,
	0x73, 0x69, 0x74, 0x6f, 0x72, 0x79, 0x2f, 0x43, 0x4e, 0x53, 0x2f, 0x67,
	0x65, 0x74, 0x43, 0x52, 0x4c, 0x30, 0x0e, 0x06, 0x03, 0x55, 0x1d, 0x0f,
	0x01, 0x01, 0xff, 0x04, 0x04, 0x03, 0x02, 0x01, 0x06, 0x30, 0x1d, 0x06,
	0x03, 0x55, 0x1d, 0x0e, 0x04, 0x16, 0x04, 0x14, 0xec, 0x20, 0x7c, 0x2e,
	0xb1, 0x31, 0x38, 0x44, 0xda, 0x7e, 0x5d, 0x1f, 0x5e, 0x0f, 0xc5, 0x1d,
	0x03, 0x54, 0xaa, 0x68, 0x30, 0x0d, 0x06, 0x09, 0x2a, 0x86, 0x48, 0x86,
	0xf7, 0x0d, 0x01, 0x01, 0x05, 0x05, 0x00, 0x03, 0x00, 0x30, 0x82, 0x02,
	0xac, 0x30, 0x82, 0x02, 0x97, 0xa0, 0x03, 0x02, 0x01, 0x02, 0x02, 0x09,
	0x00, 0xd9, 0x2b, 0xe3, 0x98, 0x0c, 0x46, 0x74, 0xc1, 0x30, 0x0d, 0x06,
	0x09, 0x2a, 0x86, 0x48, 0x86, 0xf7, 0x0d, 0x01, 0x01, 0x05, 0x05, 0x00,
	0x30, 0x81, 0xd8, 0x31, 0x0b, 0x30, 0x09, 0x06, 0x03, 0x55, 0x04, 0x06,
	0x13, 0x02, 0x49, 0x54, 0x31, 0x1f, 0x30, 0x1d, 0x06, 0x03, 0x55, 0x04,
	0x0a, 0x0c, 0x16, 0x4d, 0x69, 0x6e, 0x69, 0x73, 0x74, 0x65, 0x72, 0x6f,
	0x20, 0x64, 0x65, 0x6c, 0x6c, 0x61, 0x20, 0x44, 0x69, 0x66, 0x65, 0x73,
	0x61, 0x31, 0x20, 0x30, 0x1e, 0x06, 0x03, 0x55, 0x04, 0x0b, 0x0c, 0x17,
	0x53, 0x2e, 0x4d, 0x2e, 0x44, 0x2e, 0x20, 0x2d, 0x20, 0x43, 0x2e, 0x64,
	0x6f, 0x20, 0x43, 0x34, 0x20, 0x44, 0x69, 0x66, 0x65, 0x73, 0x61, 0x31,
	0x14, 0x30, 0x12, 0x06, 0x03, 0x55, 0x04, 0x05, 0x13, 0x0b, 0x39, 0x37,
	0x33, 0x35, 0x35, 0x32, 0x34, 0x30, 0x35, 0x38, 0x37, 0x31, 0x47, 0x30,
	0x45, 0x06, 0x03, 0x55, 0x04, 0x03, 0x0c, 0x3e, 0x54, 0x69, 0x6d, 0x65,
	0x20, 0x53, 0x74, 0x61, 0x6d, 0x70, 0x20, 0x41, 0x75, 0x74, 0x68, 0x6f,
	0x72, 0x69, 0x74, 0x79, 0x20, 0x50, 0x4b, 0x49, 0x20, 0x64, 0x69, 0x20,
	0x46, 0x69, 0x72, 0x6d, 0x61, 0x20, 0x51, 0x75, 0x61, 0x6c, 0x69, 0x66,
	0x69, 0x63, 0x61, 0x74, 0x61, 0x20, 0x2d, 0x20, 0x45, 0x4d, 0x49, 0x53,
	0x53, 0x49, 0x4f, 0x4e, 0x45, 0x20, 0x32, 0x30, 0x30, 0x39, 0x31, 0x27,
	0x30, 0x25, 0x06, 0x09, 0x2a, 0x86, 0x48, 0x86, 0xf7, 0x0d, 0x01, 0x09,
	0x01, 0x16, 0x18, 0x69, 0x6e, 0x66, 0x6f, 0x5f, 0x70, 0x6b, 0x69, 0x66,
	0x66, 0x40, 0x73, 0x6d, 0x64, 0x2e, 0x64, 0x69, 0x66, 0x65, 0x73, 0x61,
	0x2e, 0x69, 0x74, 0x30, 0x1e, 0x17, 0x0d, 0x30, 0x39, 0x30, 0x36, 0x30,
	0x38, 0x31, 0x32, 0x34, 0x38, 0x34, 0x35, 0x5a, 0x17, 0x0d, 0x32, 0x34,
	0x30, 0x36, 0x30, 0x38, 0x31, 0x32, 0x34, 0x38, 0x34, 0x35, 0x5a, 0x30,
	0x00, 0x30, 0x11, 0x30, 0x0d, 0x06, 0x09, 0x2a, 0x86, 0x48, 0x86, 0xf7,
	0x0d, 0x01, 0x01, 0x01, 0x05, 0x00, 0x03, 0x00, 0xa3, 0x82, 0x01, 0x64,
	0x30, 0x82, 0x01, 0x60, 0x30, 0x0f, 0x06, 0x03, 0x55, 0x1d, 0x13, 0x01,
	0x01, 0xff, 0x04, 0x05, 0x30, 0x03, 0x01, 0x01, 0xff, 0x30, 0x1d, 0x06,
	0x03, 0x55, 0x1d, 0x0e, 0x04, 0x16, 0x04, 0x14, 0x82, 0x14, 0x69, 0x7e,
	0x7b, 0x6d, 0xad, 0x83, 0xc6, 0x52, 0xc0, 0x4e, 0x24, 0x45, 0xee, 0x2d,
	0x7c, 0x1f, 0x7f, 0xc9, 0x30, 0x1f, 0x06, 0x03, 0x55, 0x1d, 0x23, 0x04,
	0x18, 0x30, 0x16, 0x80, 0x14, 0x82, 0x14, 0x69, 0x7e, 0x7b, 0x6d, 0xad,
	0x83, 0xc6, 0x52, 0xc0, 0x4e, 0x24, 0x45, 0xee, 0x2d, 0x7c, 0x1f, 0x7f,
	0xc9, 0x30, 0x0e, 0x06, 0x03, 0x55, 0x1d, 0x0f, 0x01, 0x01, 0xff, 0x04,
	0x04, 0x03, 0x02, 0x01, 0x06, 0x30, 0x81, 0xaa, 0x06, 0x03, 0x55, 0x1d,
	0x1f, 0x04, 0x81, 0xa2, 0x30, 0x81, 0x9f, 0x30, 0x63, 0xa0, 0x61, 0xa0,
	0x5f, 0x86, 0x5d, 0x6c, 0x64, 0x61, 0x70, 0x3a, 0x2f, 0x2f, 0x6c, 0x64,
	0x61, 0x70, 0x70, 0x6b, 0x69, 0x66, 0x66, 0x2e, 0x64, 0x69, 0x66, 0x65,
	0x73, 0x61, 0x2e, 0x69, 0x74, 0x3a, 0x33, 0x38, 0x39, 0x2f, 0x63, 0x6e,
	0x3d, 0x63, 0x72, 0x6c, 0x2d, 0x66, 0x69, 0x72, 0x6d, 0x61, 0x64, 0x69,
	0x67, 0x69, 0x74, 0x61, 0x6c, 0x65, 0x2d, 0x74, 0x73, 0x61, 0x32, 0x30,
	0x30, 0x39, 0x2c, 0x6f, 0x3d, 0x4d, 0x69, 0x6e, 0x69, 0x73, 0x74, 0x65,
	0x72, 0x6f, 0x25, 0x32, 0x30, 0x64, 0x65, 0x6c, 0x6c, 0x61, 0x25, 0x32,
	0x30, 0x44, 0x69, 0x66, 0x65, 0x73, 0x61, 0x2c, 0x63, 0x3d, 0x49, 0x54,
	0x30, 0x38, 0xa0, 0x36, 0xa0, 0x34, 0x86, 0x32, 0x68, 0x74, 0x74, 0x70,
	0x3a, 0x2f, 0x2f, 0x77, 0x77, 0x77, 0x2e, 0x70, 0x6b, 0x69, 0x2e, 0x64,
	0x69, 0x66, 0x65, 0x73, 0x61, 0x2e, 0x69, 0x74, 0x2f, 0x66, 0x69, 0x72,
	0x6d, 0x61, 0x64, 0x69, 0x67, 0x69, 0x74, 0x61, 0x6c, 0x65, 0x2d, 0x74,
	0x73, 0x61, 0x32, 0x30, 0x30, 0x39, 0x2e, 0x63, 0x72, 0x6c, 0x30, 0x50,
	0x06, 0x03, 0x55, 0x1d, 0x20, 0x04, 0x49, 0x30, 0x47, 0x30, 0x45, 0x06,
	0x09, 0x2b, 0x06, 0x01, 0x04, 0x01, 0xed, 0x4f, 0x01, 0x01, 0x30, 0x38,
	0x30, 0x36, 0x06, 0x08, 0x2b, 0x06, 0x01, 0x05, 0x05, 0x07, 0x02, 0x01,
	0x16, 0x2a, 0x68, 0x74, 0x74, 0x70, 0x3a, 0x2f, 0x2f, 0x77, 0x77, 0x77,
	0x2e, 0x70, 0x6b, 0x69, 0x2e, 0x64, 0x69, 0x66, 0x65, 0x73, 0x61, 0x2e,
	0x69, 0x74, 0x2f, 0x66, 0x69, 0x72, 0x6d, 0x61, 0x64, 0x69, 0x67, 0x69,
	0x74, 0x61, 0x6c, 0x65, 0x2e, 0x70, 0x64, 0x66, 0x30, 0x0d, 0x06, 0x09,
	0x2a, 0x86, 0x48, 0x86, 0xf7, 0x0d, 0x01, 0x01, 0x05, 0x05, 0x00, 0x03,
	0x00, 0x30, 0x82, 0x01, 0x9a, 0x30, 0x82, 0x01, 0x85, 0xa0, 0x03, 0x02,
	0x01, 0x02, 0x02, 0x01, 0x01, 0x30, 0x0d, 0x06, 0x09, 0x2a, 0x86, 0x48,
	0x86, 0xf7, 0x0d, 0x01, 0x01, 0x05, 0x05, 0x00, 0x30, 0x3d, 0x31, 0x0b,
	0x30, 0x09, 0x06, 0x03, 0x55, 0x04, 0x06, 0x13, 0x02, 0x49, 0x54, 0x31,
	0x14, 0x30, 0x12, 0x06, 0x03, 0x55, 0x04, 0x0a, 0x0c, 0x0b, 0x43, 0x65,
	0x64, 0x61, 0x63, 0x72, 0x69, 0x20, 0x53, 0x70, 0x41, 0x31, 0x18, 0x30,
	0x16, 0x06, 0x03, 0x55, 0x04, 0x03, 0x0c, 0x0f, 0x43, 0x65, 0x64, 0x61,
	0x63, 0x72, 0x69, 0x63, 0x65, 0x72, 0x74, 0x43, 0x41, 0x54, 0x53, 0x30,
	0x1e, 0x17, 0x0d, 0x30, 0x34, 0x30, 0x34, 0x32, 0x31, 0x31, 0x32, 0x32,
	0x33, 0x31, 0x33, 0x5a, 0x17, 0x0d, 0x31, 0x34, 0x30, 0x34, 0x32, 0x31,
	0x31, 0x32, 0x32, 0x30, 0x33, 0x35, 0x5a, 0x30, 0x00, 0x30, 0x11, 0x30,
	0x0d, 0x06, 0x09, 0x2a, 0x86, 0x48, 0x86, 0xf7, 0x0d, 0x01, 0x01, 0x01,
	0x05, 0x00, 0x03, 0x00, 0xa3, 0x81, 0xf7, 0x30, 0x81, 0xf4, 0x30, 0x0f,
	0x06, 0x03, 0x55, 0x1d, 0x13, 0x01, 0x01, 0xff, 0x04, 0x05, 0x30, 0x03,
	0x01, 0x01, 0xff, 0x30, 0x3d, 0x06, 0x03, 0x55, 0x1d, 0x20, 0x04, 0x36,
	0x30, 0x34, 0x30, 0x32, 0x06, 0x06, 0x2b, 0x4c, 0x1b, 0x01, 0x02, 0x01,
	0x30, 0x28, 0x30, 0x26, 0x06, 0x08, 0x2b, 0x06, 0x01, 0x05, 0x05, 0x07,
	0x02, 0x01, 0x16, 0x1a, 0x68, 0x74, 0x74, 0x70, 0x73, 0x3a, 0x2f, 0x2f,
	0x77, 0x77, 0x77, 0x2e, 0x63, 0x65, 0x64, 0x61, 0x63, 0x72, 0x69, 0x63,
	0x65, 0x72, 0x74, 0x2e, 0x69, 0x74, 0x30, 0x73, 0x06, 0x03, 0x55, 0x1d,
	0x1f, 0x04, 0x6c, 0x30, 0x6a, 0x30, 0x68, 0xa0, 0x66, 0xa0, 0x64, 0x86,
	0x62, 0x6c, 0x64, 0x61, 0x70, 0x3a, 0x2f, 0x2f, 0x6c, 0x64, 0x61, 0x70,
	0x2e, 0x63, 0x65, 0x64, 0x61, 0x63, 0x72, 0x69, 0x63, 0x65, 0x72, 0x74,
	0x2e, 0x69, 0x74, 0x2f, 0x63, 0x6e, 0x25, 0x33, 0x64, 0x43, 0x65, 0x64,
	0x61, 0x63, 0x72, 0x69, 0x63, 0x65, 0x72, 0x74, 0x43, 0x41, 0x54, 0x53,
	0x2c, 0x6f, 0x25, 0x33, 0x64, 0x43, 0x65, 0x64, 0x61, 0x63, 0x72, 0x69,
	0x25, 0x32, 0x30, 0x53, 0x70, 0x41, 0x2c, 0x63, 0x25, 0x33, 0x64, 0x49,
	0x54, 0x3f, 0x63, 0x65, 0x72, 0x74, 0x69, 0x66, 0x69, 0x63, 0x61, 0x74,
	0x65, 0x52, 0x65, 0x76, 0x6f, 0x63, 0x61, 0x74, 0x69, 0x6f, 0x6e, 0x4c,
	0x69, 0x73, 0x74, 0x30, 0x0e, 0x06, 0x03, 0x55, 0x1d, 0x0f, 0x01, 0x01,
	0xff, 0x04, 0x04, 0x03, 0x02, 0x01, 0x06, 0x30, 0x1d, 0x06, 0x03, 0x55,
	0x1d, 0x0e, 0x04, 0x16, 0x04, 0x14, 0x69, 0x2e, 0x27, 0x33, 0xb4, 0x1d,
	0x7d, 0x7e, 0x6a, 0x46, 0xe5, 0x3a, 0x6a, 0x6f, 0xd4, 0x4a, 0x01, 0x04,
	0x18, 0x66, 0x30, 0x0d, 0x06, 0x09, 0x2a, 0x86, 0x48, 0x86, 0xf7, 0x0d,
	0x01, 0x01, 0x05, 0x05, 0x00, 0x03, 0x00, 0x30, 0x82, 0x02, 0x8f, 0x30,
	0x82, 0x02, 0x7a, 0xa0, 0x03, 0x02, 0x01, 0x02, 0x02, 0x09, 0x00, 0xbd,
	0x2d, 0xc2, 0x57, 0xb0, 0xd5, 0xcc, 0xfc, 0x30, 0x0d, 0x06, 0x09, 0x2a,
	0x86, 0x48, 0x86, 0xf7, 0x0d, 0x01, 0x01, 0x05, 0x05, 0x00, 0x30, 0x81,
	0xc7, 0x31, 0x0b, 0x30, 0x09, 0x06, 0x03, 0x55, 0x04, 0x06, 0x13, 0x02,
	0x49, 0x54, 0x31, 0x1f, 0x30, 0x1d, 0x06, 0x03, 0x55, 0x04, 0x0a, 0x0c,
	0x16, 0x4d, 0x69, 0x6e, 0x69, 0x73, 0x74, 0x65, 0x72, 0x6f, 0x20, 0x64,
	0x65, 0x6c, 0x6c, 0x61, 0x20, 0x44, 0x69, 0x66, 0x65, 0x73, 0x61, 0x31,
	0x20, 0x30, 0x1e, 0x06, 0x03, 0x55, 0x04, 0x0b, 0x0c, 0x17, 0x53, 0x2e,
	0x4d, 0x2e, 0x44, 0x2e, 0x20, 0x2d, 0x20, 0x43, 0x2e, 0x64, 0x6f, 0x20,
	0x43, 0x34, 0x20, 0x44, 0x69, 0x66, 0x65, 0x73, 0x61, 0x31, 0x14, 0x30,
	0x12, 0x06, 0x03, 0x55, 0x04, 0x05, 0x13, 0x0b, 0x39, 0x37, 0x33, 0x35,
	0x35, 0x32, 0x34, 0x30, 0x35, 0x38, 0x37, 0x31, 0x36, 0x30, 0x34, 0x06,
	0x03, 0x55, 0x04, 0x03, 0x0c, 0x2d, 0x54, 0x69, 0x6d, 0x65, 0x20, 0x53,
	0x74, 0x61, 0x6d, 0x70, 0x20, 0x41, 0x75, 0x74, 0x68, 0x6f, 0x72, 0x69,
	0x74, 0x79, 0x20, 0x50, 0x4b, 0x49, 0x20, 0x64, 0x69, 0x20, 0x46, 0x69,
	0x72, 0x6d, 0x61, 0x20, 0x51, 0x75, 0x61, 0x6c, 0x69, 0x66, 0x69, 0x63,
	0x61, 0x74, 0x61, 0x31, 0x27, 0x30, 0x25, 0x06, 0x09, 0x2a, 0x86, 0x48,
	0x86, 0xf7, 0x0d, 0x01, 0x09, 0x01, 0x16, 0x18, 0x69, 0x6e, 0x66, 0x6f,
	0x5f, 0x70, 0x6b, 0x69, 0x66, 0x66, 0x40, 0x73, 0x6d, 0x64, 0x2e, 0x64,
	0x69, 0x66, 0x65, 0x73, 0x61, 0x2e, 0x69, 0x74, 0x30, 0x1e, 0x17, 0x0d,
	0x30, 0x36, 0x31, 0x31, 0x30, 0x39, 0x31, 0x30, 0x33, 0x38, 0x30, 0x34,
	0x5a, 0x17, 0x0d, 0x31, 0x31, 0x31, 0x31, 0x30, 0x39, 0x31, 0x30, 0x33,
	0x38, 0x30, 0x34, 0x5a, 0x30, 0x00, 0x30, 0x11, 0x30, 0x0d, 0x06, 0x09,
	0x2a, 0x86, 0x48, 0x86, 0xf7, 0x0d, 0x01, 0x01, 0x01, 0x05, 0x00, 0x03,
	0x00, 0xa3, 0x82, 0x01, 0x58, 0x30, 0x82, 0x01, 0x54, 0x30, 0x0f, 0x06,
	0x03, 0x55, 0x1d, 0x13, 0x01, 0x01, 0xff, 0x04, 0x05, 0x30, 0x03, 0x01,
	0x01, 0xff, 0x30, 0x1d, 0x06, 0x03, 0x55, 0x1d, 0x0e, 0x04, 0x16, 0x04,
	0x14, 0x47, 0x66, 0x9e, 0x0c, 0x7d, 0xf7, 0x4f, 0xc3, 0x34, 0x5e, 0x09,
	0x60, 0xd8, 0xcf, 0x2a, 0xfc, 0x94, 0xea, 0xf6, 0xe7, 0x30, 0x1f, 0x06,
	0x03, 0x55, 0x1d, 0x23, 0x04, 0x18, 0x30, 0x16, 0x80, 0x14, 0x47, 0x66,
	0x9e, 0x0c, 0x7d, 0xf7, 0x4f, 0xc3, 0x34, 0x5e, 0x09, 0x60, 0xd8, 0xcf,
	0x2a, 0xfc, 0x94, 0xea, 0xf6, 0xe7, 0x30, 0x0e, 0x06, 0x03, 0x55, 0x1d,
	0x0f, 0x01, 0x01, 0xff, 0x04, 0x04, 0x03, 0x02, 0x01, 0x06, 0x30, 0x81,
	0x9e, 0x06, 0x03, 0x55, 0x1d, 0x1f, 0x04, 0x81, 0x96, 0x30, 0x81, 0x93,
	0x30, 0x5b, 0xa0, 0x59, 0xa0, 0x57, 0x86, 0x55, 0x4c, 0x44, 0x41, 0x50,
	0x3a, 0x2f, 0x2f, 0x6c, 0x64, 0x61, 0x70, 0x70, 0x6b, 0x69, 0x66, 0x66,
	0x2e, 0x64, 0x69, 0x66, 0x65, 0x73, 0x61, 0x2e, 0x69, 0x74, 0x3a, 0x33,
	0x38, 0x39, 0x2f, 0x63, 0x6e, 0x3d, 0x63, 0x72, 0x6c, 0x2d, 0x66, 0x69,
	0x72, 0x6d, 0x61, 0x64, 0x69, 0x67, 0x69, 0x74, 0x61, 0x6c, 0x65, 0x2d,
	0x74, 0x73, 0x61, 0x2c, 0x6f, 0x3d, 0x4d, 0x69, 0x6e, 0x69, 0x73, 0x74,
	0x65, 0x72, 0x6f, 0x20, 0x64, 0x65, 0x6c, 0x6c, 0x61, 0x20, 0x44, 0x69,
	0x66, 0x65, 0x73, 0x61, 0x2c, 0x63, 0x3d, 0x49, 0x54, 0x30, 0x34, 0xa0,
	0x32, 0xa0, 0x30, 0x86, 0x2e, 0x68, 0x74, 0x74, 0x70, 0x3a, 0x2f, 0x2f,
	0x77, 0x77, 0x77, 0x2e, 0x70, 0x6b, 0x69, 0x2e, 0x64, 0x69, 0x66, 0x65,
	0x73, 0x61, 0x2e, 0x69, 0x74, 0x2f, 0x66, 0x69, 0x72, 0x6d, 0x61, 0x64,
	0x69, 0x67, 0x69, 0x74, 0x61, 0x6c, 0x65, 0x2d, 0x74, 0x73, 0x61, 0x2e,
	0x63, 0x72, 0x6c, 0x30, 0x50, 0x06, 0x03, 0x55, 0x1d, 0x20, 0x04, 0x49,
	0x30, 0x47, 0x30, 0x45, 0x06, 0x09, 0x2b, 0x06, 0x01, 0x04, 0x01, 0xed,
	0x4f, 0x01, 0x01, 0x30, 0x38, 0x30, 0x36, 0x06, 0x08, 0x2b, 0x06, 0x01,
	0x05, 0x05, 0x07, 0x02, 0x01, 0x16, 0x2a, 0x68, 0x74, 0x74, 0x70, 0x3a,
	0x2f, 0x2f, 0x77, 0x77, 0x77, 0x2e, 0x70, 0x6b, 0x69, 0x2e, 0x64, 0x69,
	0x66, 0x65, 0x73, 0x61, 0x2e, 0x69, 0x74, 0x2f, 0x66, 0x69, 0x72, 0x6d,
	0x61, 0x64, 0x69, 0x67, 0x69, 0x74, 0x61, 0x6c, 0x65, 0x2e, 0x70, 0x64,
	0x66, 0x30, 0x0d, 0x06, 0x09, 0x2a, 0x86, 0x48, 0x86, 0xf7, 0x0d, 0x01,
	0x01, 0x05, 0x05, 0x00, 0x03, 0x00, 0x30, 0x82, 0x02, 0x9d, 0x30, 0x82,
	0x02, 0x88, 0xa0, 0x03, 0x02, 0x01, 0x02, 0x02, 0x01, 0x01, 0x30, 0x0d,
	0x06, 0x09, 0x2a, 0x86, 0x48, 0x86, 0xf7, 0x0d, 0x01, 0x01, 0x05, 0x05,
	0x00, 0x30, 0x81, 0xcd, 0x31, 0x0b, 0x30, 0x09, 0x06, 0x03, 0x55, 0x04,
	0x06, 0x13, 0x02, 0x49, 0x54, 0x31, 0x2a, 0x30, 0x28, 0x06, 0x03, 0x55,
	0x04, 0x0a, 0x13, 0x21, 0x43, 0x6f, 0x6e, 0x73, 0x69, 0x67, 0x6c, 0x69,
	0x6f, 0x20, 0x4e, 0x61, 0x7a, 0x69, 0x6f, 0x6e, 0x61, 0x6c, 0x65, 0x20,
	0x64, 0x65, 0x6c, 0x20, 0x4e, 0x6f, 0x74, 0x61, 0x72, 0x69, 0x61, 0x74,
	0x6f, 0x31, 0x20, 0x30, 0x1e, 0x06, 0x03, 0x55, 0x04, 0x0b, 0x13, 0x17,
	0x53, 0x65, 0x72, 0x76, 0x69, 0x7a, 0x69, 0x6f, 0x20, 0x46, 0x69, 0x72,
	0x6d, 0x61, 0x20, 0x44, 0x69, 0x67, 0x69, 0x74, 0x61, 0x6c, 0x65, 0x31,
	0x44, 0x30, 0x42, 0x06, 0x03, 0x55, 0x04, 0x03, 0x13, 0x3b, 0x43, 0x6f,
	0x6e, 0x73, 0x69, 0x67, 0x6c, 0x69, 0x6f, 0x20, 0x4e, 0x61, 0x7a, 0x69,
	0x6f, 0x6e, 0x61, 0x6c, 0x65, 0x20, 0x64, 0x65, 0x6c, 0x20, 0x4e, 0x6f,
	0x74, 0x61, 0x72, 0x69, 0x61, 0x74, 0x6f, 0x20, 0x2d, 0x20, 0x53, 0x65,
	0x72, 0x76, 0x69, 0x7a, 0x69, 0x6f, 0x20, 0x46, 0x69, 0x72, 0x6d, 0x61,
	0x20, 0x44, 0x69, 0x67, 0x69, 0x74, 0x61, 0x6c, 0x65, 0x31, 0x2a, 0x30,
	0x28, 0x06, 0x09, 0x2a, 0x86, 0x48, 0x86, 0xf7, 0x0d, 0x01, 0x09, 0x01,
	0x16, 0x1b, 0x63, 0x65, 0x72, 0x74, 0x69, 0x66, 0x69, 0x63, 0x61, 0x7a,
	0x69, 0x6f, 0x6e, 0x65, 0x40, 0x6e, 0x6f, 0x74, 0x61, 0x72, 0x69, 0x61,
	0x74, 0x6f, 0x2e, 0x69, 0x74, 0x30, 0x1e, 0x17, 0x0d, 0x30, 0x35, 0x30,
	0x36, 0x32, 0x34, 0x30, 0x38, 0x35, 0x33, 0x31, 0x38, 0x5a, 0x17, 0x0d,
	0x31, 0x35, 0x30, 0x36, 0x32, 0x34, 0x30, 0x38, 0x35, 0x33, 0x31, 0x38,
	0x5a, 0x30, 0x00, 0x30, 0x11, 0x30, 0x0d, 0x06, 0x09, 0x2a, 0x86, 0x48,
	0x86, 0xf7, 0x0d, 0x01, 0x01, 0x01, 0x05, 0x00, 0x03, 0x00, 0xa3, 0x82,
	0x01, 0x68, 0x30, 0x82, 0x01, 0x64, 0x30, 0x0f, 0x06, 0x03, 0x55, 0x1d,
	0x13, 0x01, 0x01, 0xff, 0x04, 0x05, 0x30, 0x03, 0x01, 0x01, 0xff, 0x30,
	0x0e, 0x06, 0x03, 0x55, 0x1d, 0x0f, 0x01, 0x01, 0xff, 0x04, 0x04, 0x03,
	0x02, 0x01, 0x06, 0x30, 0x57, 0x06, 0x03, 0x55, 0x1d, 0x20, 0x04, 0x50,
	0x30, 0x4e, 0x30, 0x4c, 0x06, 0x0a, 0x2b, 0x06, 0x01, 0x04, 0x01, 0xc2,
	0x4e, 0x01, 0x01, 0x02, 0x30, 0x3e, 0x30, 0x3c, 0x06, 0x08, 0x2b, 0x06,
	0x01, 0x05, 0x05, 0x07, 0x02, 0x01, 0x16, 0x30, 0x68, 0x74, 0x74, 0x70,
	0x3a, 0x2f, 0x2f, 0x63, 0x61, 0x2e, 0x6e, 0x6f, 0x74, 0x61, 0x72, 0x69,
	0x61, 0x74, 0x6f, 0x2e, 0x69, 0x74, 0x2f, 0x6d, 0x61, 0x6e, 0x75, 0x61,
	0x6c, 0x65, 0x6f, 0x70, 0x65, 0x72, 0x61, 0x74, 0x69, 0x76, 0x6f, 0x2f,
	0x4d, 0x4f, 0x76, 0x32, 0x2e, 0x70, 0x64, 0x66, 0x30, 0x81, 0xc8, 0x06,
	0x03, 0x55, 0x1d, 0x1f, 0x04, 0x81, 0xc0, 0x30, 0x81, 0xbd, 0x30, 0x81,
	0xba, 0xa0, 0x81, 0xb7, 0xa0, 0x81, 0xb4, 0x86, 0x81, 0xb1, 0x6c, 0x64,
	0x61, 0x70, 0x3a, 0x2f, 0x2f, 0x6c, 0x64, 0x61, 0x70, 0x2e, 0x63, 0x61,
	0x2e, 0x6e, 0x6f, 0x74, 0x61, 0x72, 0x69, 0x61, 0x74, 0x6f, 0x2e, 0x69,
	0x74, 0x2f, 0x6f, 0x75, 0x25, 0x33, 0x44, 0x43, 0x6f, 0x6e, 0x73, 0x69,
	0x67, 0x6c, 0x69, 0x6f, 0x25, 0x32, 0x30, 0x4e, 0x61, 0x7a, 0x69, 0x6f,
	0x6e, 0x61, 0x6c, 0x65, 0x32, 0x30, 0x64, 0x65, 0x6c, 0x25, 0x32, 0x30,
	0x4e, 0x6f, 0x74, 0x61, 0x72, 0x69, 0x61, 0x74, 0x6f, 0x25, 0x32, 0x30,
	0x2d, 0x25, 0x32, 0x30, 0x53, 0x65, 0x72, 0x76, 0x69, 0x7a, 0x69, 0x6f,
	0x25, 0x32, 0x30, 0x46, 0x69, 0x72, 0x6d, 0x61, 0x25, 0x32, 0x30, 0x44,
	0x69, 0x67, 0x69, 0x74, 0x61, 0x6c, 0x65, 0x25, 0x32, 0x43, 0x6f, 0x25,
	0x33, 0x44, 0x43, 0x6f, 0x6e, 0x73, 0x69, 0x67, 0x6c, 0x69, 0x6f, 0x25,
	0x32, 0x30, 0x4e, 0x61, 0x7a, 0x69, 0x6f, 0x6e, 0x61, 0x6c, 0x65, 0x25,
	0x32, 0x30, 0x64, 0x65, 0x6c, 0x25, 0x32, 0x30, 0x4e, 0x6f, 0x74, 0x61,
	0x72, 0x69, 0x61, 0x74, 0x6f, 0x3f, 0x63, 0x65, 0x72, 0x74, 0x69, 0x66,
	0x69, 0x63, 0x61, 0x74, 0x65, 0x72, 0x65, 0x76, 0x6f, 0x63, 0x61, 0x74,
	0x69, 0x6f, 0x6e, 0x6c, 0x69, 0x73, 0x74, 0x30, 0x1d, 0x06, 0x03, 0x55,
	0x1d, 0x0e, 0x04, 0x16, 0x04, 0x14, 0x26, 0x88, 0x6b, 0x7a, 0x50, 0xca,
	0xf1, 0x00, 0xbb, 0xdd, 0x5d, 0x21, 0xfe, 0x6c, 0x9e, 0x38, 0xdc, 0x3d,
	0xc2, 0xd5, 0x30, 0x0d, 0x06, 0x09, 0x2a, 0x86, 0x48, 0x86, 0xf7, 0x0d,
	0x01, 0x01, 0x05, 0x05, 0x00, 0x03, 0x00, 0x30, 0x82, 0x02, 0x4d, 0x30,
	0x82, 0x02, 0x38, 0xa0, 0x03, 0x02, 0x01, 0x02, 0x02, 0x04, 0x3f, 0xa1,
	0x3a, 0xe1, 0x30, 0x0d, 0x06, 0x09, 0x2a, 0x86, 0x48, 0x86, 0xf7, 0x0d,
	0x01, 0x01, 0x05, 0x05, 0x00, 0x30, 0x6f, 0x31, 0x0b, 0x30, 0x09, 0x06,
	0x03, 0x55, 0x04, 0x06, 0x13, 0x02, 0x49, 0x54, 0x31, 0x18, 0x30, 0x16,
	0x06, 0x03, 0x55, 0x04, 0x0a, 0x13, 0x0f, 0x50, 0x6f, 0x73, 0x74, 0x65,
	0x63, 0x6f, 0x6d, 0x20, 0x73, 0x2e, 0x70, 0x2e, 0x61, 0x2e, 0x31, 0x17,
	0x30, 0x15, 0x06, 0x03, 0x55, 0x04, 0x0b, 0x13, 0x0e, 0x43, 0x41, 0x20,
	0x65, 0x20, 0x53, 0x69, 0x63, 0x75, 0x72, 0x65, 0x7a, 0x7a, 0x61, 0x31,
	0x2d, 0x30, 0x2b, 0x06, 0x03, 0x55, 0x04, 0x03, 0x13, 0x24, 0x50, 0x6f,
	0x73, 0x74, 0x65, 0x63, 0x65, 0x72, 0x74, 0x20, 0x70, 0x65, 0x72, 0x20,
	0x52, 0x65, 0x67, 0x69, 0x6f, 0x6e, 0x65, 0x20, 0x45, 0x6d, 0x69, 0x6c,
	0x69, 0x61, 0x2d, 0x52, 0x6f, 0x6d, 0x61, 0x67, 0x6e, 0x61, 0x30, 0x1e,
	0x17, 0x0d, 0x30, 0x33, 0x31, 0x30, 0x33, 0x30, 0x31, 0x36, 0x32, 0x33,
	0x32, 0x34, 0x5a, 0x17, 0x0d, 0x31, 0x33, 0x31, 0x30, 0x32, 0x37, 0x31,
	0x36, 0x32, 0x33, 0x32, 0x34, 0x5a, 0x30, 0x00, 0x30, 0x11, 0x30, 0x0d,
	0x06, 0x09, 0x2a, 0x86, 0x48, 0x86, 0xf7, 0x0d, 0x01, 0x01, 0x01, 0x05,
	0x00, 0x03, 0x00, 0xa3, 0x82, 0x01, 0x74, 0x30, 0x82, 0x01, 0x70, 0x30,
	0x12, 0x06, 0x03, 0x55, 0x1d, 0x13, 0x01, 0x01, 0xff, 0x04, 0x08, 0x30,
	0x06, 0x01, 0x01, 0xff, 0x02, 0x01, 0x00, 0x30, 0x0c, 0x06, 0x03, 0x55,
	0x1d, 0x24, 0x04, 0x05, 0x30, 0x03, 0x80, 0x01, 0x00, 0x30, 0x3b, 0x06,
	0x03, 0x55, 0x1d, 0x20, 0x04, 0x34, 0x30, 0x32, 0x30, 0x30, 0x06, 0x07,
	0x2b, 0x4c, 0x0b, 0x01, 0x02, 0x01, 0x01, 0x30, 0x25, 0x30, 0x23, 0x06,
	0x08, 0x2b, 0x06, 0x01, 0x05, 0x05, 0x07, 0x02, 0x01, 0x16, 0x17, 0x68,
	0x74, 0x74, 0x70, 0x3a, 0x2f, 0x2f, 0x77, 0x77, 0x77, 0x2e, 0x70, 0x6f,
	0x73, 0x74, 0x65, 0x63, 0x65, 0x72, 0x74, 0x2e, 0x69, 0x74, 0x30, 0x81,
	0xbe, 0x06, 0x03, 0x55, 0x1d, 0x1f, 0x04, 0x81, 0xb6, 0x30, 0x81, 0xb3,
	0x30, 0x81, 0xb0, 0xa0, 0x81, 0xad, 0xa0, 0x81, 0xaa, 0x86, 0x81, 0xa7,
	0x6c, 0x64, 0x61, 0x70, 0x3a, 0x2f, 0x2f, 0x63, 0x65, 0x72, 0x74, 0x69,
	0x66, 0x69, 0x63, 0x61, 0x74, 0x69, 0x2e, 0x70, 0x6f, 0x73, 0x74, 0x65,
	0x63, 0x65, 0x72, 0x74, 0x2e, 0x69, 0x74, 0x3a, 0x33, 0x38, 0x39, 0x2f,
	0x43, 0x4e, 0x3d, 0x50, 0x6f, 0x73, 0x74, 0x65, 0x63, 0x65, 0x72, 0x74,
	0x25, 0x32, 0x30, 0x70, 0x65, 0x72, 0x25, 0x32, 0x30, 0x52, 0x65, 0x67,
	0x69, 0x6f, 0x6e, 0x65, 0x25, 0x32, 0x30, 0x45, 0x6d, 0x69, 0x6c, 0x69,
	0x61, 0x2d, 0x52, 0x6f, 0x6d, 0x61, 0x67, 0x6e, 0x61, 0x2c, 0x4f, 0x55,
	0x25, 0x33, 0x64, 0x43, 0x41, 0x25, 0x32, 0x30, 0x65, 0x25, 0x32, 0x30,
	0x53, 0x69, 0x63, 0x75, 0x72, 0x65, 0x7a, 0x7a, 0x61, 0x2c, 0x4f, 0x25,
	0x33, 0x64, 0x50, 0x6f, 0x73, 0x74, 0x65, 0x63, 0x6f, 0x6d, 0x25, 0x32,
	0x30, 0x73, 0x2e, 0x70, 0x2e, 0x61, 0x2e, 0x2c, 0x43, 0x25, 0x33, 0x64,
	0x49, 0x54, 0x3f, 0x43, 0x65, 0x72, 0x74, 0x69, 0x66, 0x69, 0x63, 0x61,
	0x74, 0x65, 0x52, 0x65, 0x76, 0x6f, 0x63, 0x61, 0x74, 0x69, 0x6f, 0x6e,
	0x4c, 0x69, 0x73, 0x74, 0x3b, 0x62, 0x69, 0x6e, 0x61, 0x72, 0x79, 0x30,
	0x1d, 0x06, 0x03, 0x55, 0x1d, 0x0e, 0x04, 0x16, 0x04, 0x14, 0x6a, 0x2b,
	0x15, 0xd7, 0xd7, 0x60, 0xf8, 0x8d, 0x1f, 0x5d, 0x18, 0xa4, 0x60, 0x33,
	0x07, 0xe2, 0x63, 0x7b, 0xa4, 0xe1, 0x30, 0x1f, 0x06, 0x03, 0x55, 0x1d,
	0x23, 0x04, 0x18, 0x30, 0x16, 0x80, 0x14, 0x6a, 0x2b, 0x15, 0xd7, 0xd7,
	0x60, 0xf8, 0x8d, 0x1f, 0x5d, 0x18, 0xa4, 0x60, 0x33, 0x07, 0xe2, 0x63,
	0x7b, 0xa4, 0xe1, 0x30, 0x0e, 0x06, 0x03, 0x55, 0x1d, 0x0f, 0x01, 0x01,
	0xff, 0x04, 0x04, 0x03, 0x02, 0x01, 0x06, 0x30, 0x0d, 0x06, 0x09, 0x2a,
	0x86, 0x48, 0x86, 0xf7, 0x0d, 0x01, 0x01, 0x05, 0x05, 0x00, 0x03, 0x00,
	0x30, 0x82, 0x02, 0xe2, 0x30, 0x82, 0x02, 0xcd, 0xa0, 0x03, 0x02, 0x01,
	0x02, 0x02, 0x02, 0x01, 0x31, 0x30, 0x0d, 0x06, 0x09, 0x2a, 0x86, 0x48,
	0x86, 0xf7, 0x0d, 0x01, 0x01, 0x05, 0x05, 0x00, 0x30, 0x81, 0xa8, 0x31,
	0x0b, 0x30, 0x09, 0x06, 0x03, 0x55, 0x04, 0x06, 0x13, 0x02, 0x49, 0x54,
	0x31, 0x1f, 0x30, 0x1d, 0x06, 0x03, 0x55, 0x04, 0x0a, 0x0c, 0x16, 0x49,
	0x6e, 0x74, 0x65, 0x73, 0x61, 0x20, 0x53, 0x61, 0x6e, 0x70, 0x61, 0x6f,
	0x6c, 0x6f, 0x20, 0x53, 0x2e, 0x70, 0x2e, 0x41, 0x2e, 0x31, 0x31, 0x30,
	0x2f, 0x06, 0x03, 0x55, 0x04, 0x0b, 0x0c, 0x28, 0x49, 0x6e, 0x74, 0x65,
	0x73, 0x61, 0x20, 0x53, 0x61, 0x6e, 0x70, 0x61, 0x6f, 0x6c, 0x6f, 0x20,
	0x49, 0x64, 0x65, 0x6e, 0x74, 0x72, 0x75, 0x73, 0x74, 0x20, 0x49, 0x6e,
	0x66, 0x72, 0x61, 0x73, 0x74, 0x72, 0x75, 0x63, 0x74, 0x75, 0x72, 0x65,
	0x31, 0x45, 0x30, 0x43, 0x06, 0x03, 0x55, 0x04, 0x03, 0x0c, 0x3c, 0x49,
	0x6e, 0x74, 0x65, 0x73, 0x61, 0x20, 0x53, 0x61, 0x6e, 0x70, 0x61, 0x6f,
	0x6c, 0x6f, 0x20, 0x50, 0x72, 0x6f, 0x64, 0x75, 0x63, 0x74, 0x69, 0x6f,
	0x6e, 0x20, 0x49, 0x64, 0x65, 0x6e, 0x74, 0x72, 0x75, 0x73, 0x74, 0x20,
	0x43, 0x65, 0x72, 0x74, 0x69, 0x66, 0x69, 0x63, 0x61, 0x74, 0x69, 0x6f,
	0x6e, 0x20, 0x41, 0x75, 0x74, 0x68, 0x6f, 0x72, 0x69, 0x74, 0x79, 0x30,
	0x1e, 0x17, 0x0d, 0x30, 0x37, 0x30, 0x39, 0x31, 0x34, 0x31, 0x34, 0x33,
	0x33, 0x35, 0x37, 0x5a, 0x17, 0x0d, 0x31, 0x34, 0x30, 0x37, 0x32, 0x31,
	0x31, 0x36, 0x33, 0x37, 0x33, 0x35, 0x5a, 0x30, 0x00, 0x30, 0x11, 0x30,
	0x0d, 0x06, 0x09, 0x2a, 0x86, 0x48, 0x86, 0xf7, 0x0d, 0x01, 0x01, 0x01,
	0x05, 0x00, 0x03, 0x00, 0xa3, 0x82, 0x01, 0xd1, 0x30, 0x82, 0x01, 0xcd,
	0x30, 0x0f, 0x06, 0x03, 0x55, 0x1d, 0x13, 0x01, 0x01, 0xff, 0x04, 0x05,
	0x30, 0x03, 0x01, 0x01, 0xff, 0x30, 0x50, 0x06, 0x03, 0x55, 0x1d, 0x20,
	0x04, 0x49, 0x30, 0x47, 0x30, 0x45, 0x06, 0x0b, 0x2b, 0x06, 0x01, 0x04,
	0x01, 0x81, 0x9c, 0x54, 0x01, 0x01, 0x01, 0x30, 0x36, 0x30, 0x34, 0x06,
	0x08, 0x2b, 0x06, 0x01, 0x05, 0x05, 0x07, 0x02, 0x01, 0x16, 0x28, 0x68,
	0x74, 0x74, 0x70, 0x73, 0x3a, 0x2f, 0x2f, 0x63, 0x61, 0x2e, 0x69, 0x6e,
	0x74, 0x65, 0x73, 0x61, 0x73, 0x61, 0x6e, 0x70, 0x61, 0x6f, 0x6c, 0x6f,
	0x2e, 0x63, 0x6f, 0x6d, 0x2f, 0x49, 0x6e, 0x66, 0x6f, 0x2f, 0x62, 0x31,
	0x2f, 0x6d, 0x6f, 0x30, 0x0e, 0x06, 0x03, 0x55, 0x1d, 0x0f, 0x01, 0x01,
	0xff, 0x04, 0x04, 0x03, 0x02, 0x01, 0x06, 0x30, 0x82, 0x01, 0x37, 0x06,
	0x03, 0x55, 0x1d, 0x1f, 0x04, 0x82, 0x01, 0x2e, 0x30, 0x82, 0x01, 0x2a,
	0x30, 0x81, 0xea, 0xa0, 0x81, 0xe7, 0xa0, 0x81, 0xe4, 0x86, 0x81, 0xe1,
	0x6c, 0x64, 0x61, 0x70, 0x3a, 0x2f, 0x2f, 0x6c, 0x64, 0x61, 0x70, 0x2e,
	0x63, 0x61, 0x2e, 0x69, 0x6e, 0x74, 0x65, 0x73, 0x61, 0x73, 0x61, 0x6e,
	0x70, 0x61, 0x6f, 0x6c, 0x6f, 0x2e, 0x63, 0x6f, 0x6d, 0x2f, 0x63, 0x6e,
	0x25, 0x33, 0x64, 0x49, 0x6e, 0x74, 0x65, 0x73, 0x61, 0x25, 0x32, 0x30,
	0x53, 0x61, 0x6e, 0x70, 0x61, 0x6f, 0x6c, 0x6f, 0x25, 0x32, 0x30, 0x50,
	0x72, 0x6f, 0x64, 0x75, 0x63, 0x74, 0x69, 0x6f, 0x6e, 0x25, 0x32, 0x30,
	0x49, 0x64, 0x65, 0x6e, 0x74, 0x72, 0x75, 0x73, 0x74, 0x25, 0x32, 0x30,
	0x43, 0x65, 0x72, 0x74, 0x69, 0x66, 0x69, 0x63, 0x61, 0x74, 0x69, 0x6f,
	0x6e, 0x25, 0x32, 0x30, 0x41, 0x75, 0x74, 0x68, 0x6f, 0x72, 0x69, 0x74,
	0x79, 0x2c, 0x6f, 0x75, 0x25, 0x33, 0x64, 0x49, 0x6e, 0x74, 0x65, 0x73,
	0x61, 0x25, 0x32, 0x30, 0x53, 0x61, 0x6e, 0x70, 0x61, 0x6f, 0x6c, 0x6f,
	0x25, 0x32, 0x30, 0x49, 0x64, 0x65, 0x6e, 0x74, 0x72, 0x75, 0x73, 0x74,
	0x25, 0x32, 0x30, 0x49, 0x6e, 0x66, 0x72, 0x61, 0x73, 0x74, 0x72, 0x75,
	0x63, 0x74, 0x75, 0x72, 0x65, 0x2c, 0x6f, 0x25, 0x33, 0x64, 0x49, 0x6e,
	0x74, 0x65, 0x73, 0x61, 0x25, 0x32, 0x30, 0x53, 0x61, 0x6e, 0x70, 0x61,
	0x6f, 0x6c, 0x6f, 0x25, 0x32, 0x30, 0x53, 0x2e, 0x70, 0x2e, 0x41, 0x2e,
	0x2c, 0x63, 0x25, 0x33, 0x64, 0x49, 0x54, 0x3f, 0x63, 0x65, 0x72, 0x74,
	0x69, 0x66, 0x69, 0x63, 0x61, 0x74, 0x65, 0x52, 0x65, 0x76, 0x6f, 0x63,
	0x61, 0x74, 0x69, 0x6f, 0x6e, 0x4c, 0x69, 0x73, 0x74, 0x30, 0x3b, 0xa0,
	0x39, 0xa0, 0x37, 0x86, 0x35, 0x68, 0x74, 0x74, 0x70, 0x3a, 0x2f, 0x2f,
	0x63, 0x72, 0x6c, 0x2e, 0x63, 0x61, 0x2e, 0x69, 0x6e, 0x74, 0x65, 0x73,
	0x61, 0x73, 0x61, 0x6e, 0x70, 0x61, 0x6f, 0x6c, 0x6f, 0x2e, 0x63, 0x6f,
	0x6d, 0x2f, 0x52, 0x65, 0x70, 0x6f, 0x73, 0x69, 0x74, 0x6f, 0x72, 0x79,
	0x2f, 0x62, 0x31, 0x2f, 0x67, 0x65, 0x74, 0x43, 0x52, 0x4c, 0x30, 0x1d,
	0x06, 0x03, 0x55, 0x1d, 0x0e, 0x04, 0x16, 0x04, 0x14, 0x25, 0x3f, 0x2a,
	0xe7, 0x65, 0x91, 0x05, 0xf9, 0xdc, 0x5b, 0x05, 0x59, 0x16, 0x08, 0xe2,
	0xc0, 0x73, 0xb1, 0xb2, 0x4e, 0x30, 0x0d, 0x06, 0x09, 0x2a, 0x86, 0x48,
	0x86, 0xf7, 0x0d, 0x01, 0x01, 0x05, 0x05, 0x00, 0x03, 0x00, 0x30, 0x82,
	0x02, 0x3a, 0x30, 0x82, 0x02, 0x25, 0xa0, 0x03, 0x02, 0x01, 0x02, 0x02,
	0x01, 0x01, 0x30, 0x0d, 0x06, 0x09, 0x2a, 0x86, 0x48, 0x86, 0xf7, 0x0d,
	0x01, 0x01, 0x05, 0x05, 0x00, 0x30, 0x81, 0x86, 0x31, 0x0b, 0x30, 0x09,
	0x06, 0x03, 0x55, 0x04, 0x06, 0x13, 0x02, 0x49, 0x54, 0x31, 0x17, 0x30,
	0x15, 0x06, 0x03, 0x55, 0x04, 0x0a, 0x13, 0x0e, 0x41, 0x63, 0x74, 0x61,
	0x6c, 0x69, 0x73, 0x20, 0x53, 0x2e, 0x70, 0x2e, 0x41, 0x2e, 0x31, 0x27,
	0x30, 0x25, 0x06, 0x03, 0x55, 0x04, 0x0b, 0x13, 0x1e, 0x43, 0x65, 0x72,
	0x74, 0x69, 0x66, 0x69, 0x63, 0x61, 0x74, 0x69, 0x6f, 0x6e, 0x20, 0x53,
	0x65, 0x72, 0x76, 0x69, 0x63, 0x65, 0x20, 0x50, 0x72, 0x6f, 0x76, 0x69,
	0x64, 0x65, 0x72, 0x31, 0x35, 0x30, 0x33, 0x06, 0x03, 0x55, 0x04, 0x03,
	0x13, 0x2c, 0x2d, 0x20, 0x46, 0x69, 0x72, 0x6d, 0x61, 0x20, 0x44, 0x69,
	0x67, 0x69, 0x74, 0x61, 0x6c, 0x65, 0x20, 0x41, 0x49, 0x50, 0x41, 0x20,
	0x2d, 0x20, 0x50, 0x72, 0x6f, 0x76, 0x69, 0x6e, 0x63, 0x69, 0x61, 0x20,
	0x64, 0x69, 0x20, 0x46, 0x69, 0x72, 0x65, 0x6e, 0x7a, 0x65, 0x30, 0x1e,
	0x17, 0x0d, 0x30, 0x33, 0x30, 0x39, 0x30, 0x35, 0x30, 0x38, 0x31, 0x35,
	0x35, 0x31, 0x5a, 0x17, 0x0d, 0x31, 0x33, 0x30, 0x39, 0x30, 0x35, 0x30,
	0x38, 0x31, 0x35, 0x35, 0x31, 0x5a, 0x30, 0x00, 0x30, 0x11, 0x30, 0x0d,
	0x06, 0x09, 0x2a, 0x86, 0x48, 0x86, 0xf7, 0x0d, 0x01, 0x01, 0x01, 0x05,
	0x00, 0x03, 0x00, 0xa3, 0x82, 0x01, 0x4c, 0x30, 0x82, 0x01, 0x48, 0x30,
	0x0f, 0x06, 0x03, 0x55, 0x1d, 0x13, 0x01, 0x01, 0xff, 0x04, 0x05, 0x30,
	0x03, 0x01, 0x01, 0xff, 0x30, 0x0e, 0x06, 0x03, 0x55, 0x1d, 0x0f, 0x01,
	0x01, 0xff, 0x04, 0x04, 0x03, 0x02, 0x01, 0x06, 0x30, 0x51, 0x06, 0x03,
	0x55, 0x1d, 0x20, 0x04, 0x4a, 0x30, 0x48, 0x30, 0x46, 0x06, 0x06, 0x2b,
	0x81, 0x1f, 0x01, 0x01, 0x01, 0x30, 0x3c, 0x30, 0x3a, 0x06, 0x08, 0x2b,
	0x06, 0x01, 0x05, 0x05, 0x07, 0x02, 0x01, 0x16, 0x2e, 0x68, 0x74, 0x74,
	0x70, 0x73, 0x3a, 0x2f, 0x2f, 0x63, 0x61, 0x2e, 0x61, 0x63, 0x74, 0x61,
	0x6c, 0x69, 0x73, 0x2e, 0x69, 0x74, 0x2f, 0x72, 0x65, 0x70, 0x6f, 0x73,
	0x69, 0x74, 0x6f, 0x72, 0x79, 0x2f, 0x71, 0x75, 0x61, 0x6c, 0x69, 0x66,
	0x69, 0x65, 0x64, 0x2f, 0x43, 0x50, 0x53, 0x30, 0x81, 0xb2, 0x06, 0x03,
	0x55, 0x1d, 0x1f, 0x04, 0x81, 0xaa, 0x30, 0x81, 0xa7, 0x30, 0x81, 0xa4,
	0xa0, 0x81, 0xa1, 0xa0, 0x81, 0x9e, 0x86, 0x81, 0x9b, 0x6c, 0x64, 0x61,
	0x70, 0x3a, 0x2f, 0x2f, 0x66, 0x65, 0x2e, 0x63, 0x73, 0x70, 0x2e, 0x6d,
	0x75, 0x6c, 0x74, 0x69, 0x63, 0x65, 0x72, 0x74, 0x69, 0x66, 0x79, 0x2e,
	0x63, 0x6f, 0x6d, 0x3a, 0x33, 0x38, 0x39, 0x2f, 0x6f, 0x75, 0x25, 0x33,
	0x44, 0x2d, 0x25, 0x32, 0x30, 0x46, 0x69, 0x72, 0x6d, 0x61, 0x25, 0x32,
	0x30, 0x44, 0x69, 0x67, 0x69, 0x74, 0x61, 0x6c, 0x65, 0x25, 0x32, 0x30,
	0x41, 0x49, 0x50, 0x41, 0x25, 0x32, 0x30, 0x2d, 0x25, 0x32, 0x30, 0x50,
	0x72, 0x6f, 0x76, 0x69, 0x6e, 0x63, 0x69, 0x61, 0x25, 0x32, 0x30, 0x64,
	0x69, 0x25, 0x32, 0x30, 0x46, 0x69, 0x72, 0x65, 0x6e, 0x7a, 0x65, 0x25,
	0x32, 0x43, 0x6f, 0x25, 0x33, 0x44, 0x50, 0x72, 0x6f, 0x76, 0x69, 0x6e,
	0x63, 0x69, 0x61, 0x25, 0x32, 0x30, 0x64, 0x69, 0x25, 0x32, 0x30, 0x46,
	0x69, 0x72, 0x65, 0x6e, 0x7a, 0x65, 0x3f, 0x63, 0x65, 0x72, 0x74, 0x69,
	0x66, 0x69, 0x63, 0x61, 0x74, 0x65, 0x72, 0x65, 0x76, 0x6f, 0x63, 0x61,
	0x74, 0x69, 0x6f, 0x6e, 0x6c, 0x69, 0x73, 0x74, 0x30, 0x1d, 0x06, 0x03,
	0x55, 0x1d, 0x0e, 0x04, 0x16, 0x04, 0x14, 0x48, 0x74, 0x52, 0x16, 0x45,
	0xd9, 0x13, 0x84, 0x98, 0x85, 0x12, 0xec, 0x9d, 0xb2, 0xf0, 0xff, 0x50,
	0xd9, 0x06, 0xaa, 0x30, 0x0d, 0x06, 0x09, 0x2a, 0x86, 0x48, 0x86, 0xf7,
	0x0d, 0x01, 0x01, 0x05, 0x05, 0x00, 0x03, 0x00, 0x30, 0x82, 0x04, 0x5a,
	0x30, 0x82, 0x04, 0x45, 0xa0, 0x03, 0x02, 0x01, 0x02, 0x02, 0x04, 0x48,
	0xfc, 0x7e, 0xf5, 0x30, 0x0d, 0x06, 0x09, 0x2a, 0x86, 0x48, 0x86, 0xf7,
	0x0d, 0x01, 0x01, 0x05, 0x05, 0x00, 0x30, 0x81, 0xae, 0x31, 0x12, 0x30,
	0x10, 0x06, 0x0a, 0x09, 0x92, 0x26, 0x89, 0x93, 0xf2, 0x2c, 0x64, 0x01,
	0x19, 0x16, 0x02, 0x72, 0x73, 0x31, 0x15, 0x30, 0x13, 0x06, 0x0a, 0x09,
	0x92, 0x26, 0x89, 0x93, 0xf2, 0x2c, 0x64, 0x01, 0x19, 0x16, 0x05, 0x70,
	0x6f, 0x73, 0x74, 0x61, 0x31, 0x12, 0x30, 0x10, 0x06, 0x0a, 0x09, 0x92,
	0x26, 0x89, 0x93, 0xf2, 0x2c, 0x64, 0x01, 0x19, 0x16, 0x02, 0x63, 0x61,
	0x31, 0x16, 0x30, 0x14, 0x06, 0x03, 0x55, 0x04, 0x03, 0x13, 0x0d, 0x43,
	0x6f, 0x6e, 0x66, 0x69, 0x67, 0x75, 0x72, 0x61, 0x74, 0x69, 0x6f, 0x6e,
	0x31, 0x11, 0x30, 0x0f, 0x06, 0x03, 0x55, 0x04, 0x03, 0x13, 0x08, 0x53,
	0x65, 0x72, 0x76, 0x69, 0x63, 0x65, 0x73, 0x31, 0x1c, 0x30, 0x1a, 0x06,
	0x03, 0x55, 0x04, 0x03, 0x13, 0x13, 0x50, 0x75, 0x62, 0x6c, 0x69, 0x63,
	0x20, 0x4b, 0x65, 0x79, 0x20, 0x53, 0x65, 0x72, 0x76, 0x69, 0x63, 0x65,
	0x73, 0x31, 0x0c, 0x30, 0x0a, 0x06, 0x03, 0x55, 0x04, 0x03, 0x13, 0x03,
	0x41, 0x49, 0x41, 0x31, 0x16, 0x30, 0x14, 0x06, 0x03, 0x55, 0x04, 0x03,
	0x13, 0x0d, 0x50, 0x6f, 0x73, 0x74, 0x61, 0x20, 0x43, 0x41, 0x20, 0x52,
	0x6f, 0x6f, 0x74, 0x30, 0x1e, 0x17, 0x0d, 0x30, 0x38, 0x31, 0x30, 0x32,
	0x30, 0x31, 0x32, 0x32, 0x32, 0x30, 0x38, 0x5a, 0x17, 0x0d, 0x32, 0x38,
	0x31, 0x30, 0x32, 0x30, 0x31, 0x32, 0x35, 0x32, 0x30, 0x38, 0x5a, 0x30,
	0x00, 0x30, 0x11, 0x30, 0x0d, 0x06, 0x09, 0x2a, 0x86, 0x48, 0x86, 0xf7,
	0x0d, 0x01, 0x01, 0x01, 0x05, 0x00, 0x03, 0x00, 0xa3, 0x82, 0x03, 0x41,
	0x30, 0x82, 0x03, 0x3d, 0x30, 0x0f, 0x06, 0x03, 0x55, 0x1d, 0x13, 0x01,
	0x01, 0xff, 0x04, 0x05, 0x30, 0x03, 0x01, 0x01, 0xff, 0x30, 0x0e, 0x06,
	0x03, 0x55, 0x1d, 0x0f, 0x01, 0x01, 0xff, 0x04, 0x04, 0x03, 0x02, 0x01,
	0x06, 0x30, 0x81, 0xba, 0x06, 0x03, 0x55, 0x1d, 0x20, 0x04, 0x81, 0xb2,
	0x30, 0x81, 0xaf, 0x30, 0x81, 0xac, 0x06, 0x0b, 0x2b, 0x06, 0x01, 0x04,
	0x01, 0xfa, 0x38, 0x0a, 0x0a, 0x01, 0x01, 0x30, 0x81, 0x9c, 0x30, 0x30,
	0x06, 0x08, 0x2b, 0x06, 0x01, 0x05, 0x05, 0x07, 0x02, 0x01, 0x16, 0x24,
	0x68, 0x74, 0x74, 0x70, 0x3a, 0x2f, 0x2f, 0x77, 0x77, 0x77, 0x2e, 0x63,
	0x61, 0x2e, 0x70, 0x6f, 0x73, 0x74, 0x61, 0x2e, 0x72, 0x73, 0x2f, 0x64,
	0x6f, 0x6b, 0x75, 0x6d, 0x65, 0x6e, 0x74, 0x61, 0x63, 0x69, 0x6a, 0x61,
	0x30, 0x68, 0x06, 0x08, 0x2b, 0x06, 0x01, 0x05, 0x05, 0x07, 0x02, 0x02,
	0x30, 0x5c, 0x1a, 0x5a, 0x4f, 0x76, 0x6f, 0x20, 0x6a, 0x65, 0x20, 0x65,
	0x6c, 0x65, 0x6b, 0x74, 0x72, 0x6f, 0x6e, 0x73, 0x6b, 0x69, 0x20, 0x73,
	0x65, 0x72, 0x74, 0x69, 0x66, 0x69, 0x6b, 0x61, 0x74, 0x20, 0x52, 0x4f,
	0x4f, 0x54, 0x20, 0x43, 0x41, 0x20, 0x73, 0x65, 0x72, 0x76, 0x65, 0x72,
	0x61, 0x20, 0x53, 0x65, 0x72, 0x74, 0x69, 0x66, 0x69, 0x6b, 0x61, 0x63,
	0x69, 0x6f, 0x6e, 0x6f, 0x67, 0x20, 0x74, 0x65, 0x6c, 0x61, 0x20, 0x50,
	0x6f, 0x73, 0x74, 0x65, 0x3a, 0x20, 0x22, 0x50, 0x6f, 0x73, 0x74, 0x61,
	0x20, 0x43, 0x41, 0x20, 0x52, 0x6f, 0x6f, 0x74, 0x22, 0x2e, 0x30, 0x11,
	0x06, 0x09, 0x60, 0x86, 0x48, 0x01, 0x86, 0xf8, 0x42, 0x01, 0x01, 0x04,
	0x04, 0x03, 0x02, 0x00, 0x07, 0x30, 0x82, 0x01, 0xbc, 0x06, 0x03, 0x55,
	0x1d, 0x1f, 0x04, 0x82, 0x01, 0xb3, 0x30, 0x82, 0x01, 0xaf, 0x30, 0x81,
	0xc9, 0xa0, 0x81, 0xc6, 0xa0, 0x81, 0xc3, 0xa4, 0x81, 0xc0, 0x30, 0x81,
	0xbd, 0x31, 0x12, 0x30, 0x10, 0x06, 0x0a, 0x09, 0x92, 0x26, 0x89, 0x93,
	0xf2, 0x2c, 0x64, 0x01, 0x19, 0x16, 0x02, 0x72, 0x73, 0x31, 0x15, 0x30,
	0x13, 0x06, 0x0a, 0x09, 0x92, 0x26, 0x89, 0x93, 0xf2, 0x2c, 0x64, 0x01,
	0x19, 0x16, 0x05, 0x70, 0x6f, 0x73, 0x74, 0x61, 0x31, 0x12, 0x30, 0x10,
	0x06, 0x0a, 0x09, 0x92, 0x26, 0x89, 0x93, 0xf2, 0x2c, 0x64, 0x01, 0x19,
	0x16, 0x02, 0x63, 0x61, 0x31, 0x16, 0x30, 0x14, 0x06, 0x03, 0x55, 0x04,
	0x03, 0x13, 0x0d, 0x43, 0x6f, 0x6e, 0x66, 0x69, 0x67, 0x75, 0x72, 0x61,
	0x74, 0x69, 0x6f, 0x6e, 0x31, 0x11, 0x30, 0x0f, 0x06, 0x03, 0x55, 0x04,
	0x03, 0x13, 0x08, 0x53, 0x65, 0x72, 0x76, 0x69, 0x63, 0x65, 0x73, 0x31,
	0x1c, 0x30, 0x1a, 0x06, 0x03, 0x55, 0x04, 0x03, 0x13, 0x13, 0x50, 0x75,
	0x62, 0x6c, 0x69, 0x63, 0x20, 0x4b, 0x65, 0x79, 0x20, 0x53, 0x65, 0x72,
	0x76, 0x69, 0x63, 0x65, 0x73, 0x31, 0x0c, 0x30, 0x0a, 0x06, 0x03, 0x55,
	0x04, 0x03, 0x13, 0x03, 0x41, 0x49, 0x41, 0x31, 0x16, 0x30, 0x14, 0x06,
	0x03, 0x55, 0x04, 0x03, 0x13, 0x0d, 0x50, 0x6f, 0x73, 0x74, 0x61, 0x20,
	0x43, 0x41, 0x20, 0x52, 0x6f, 0x6f, 0x74, 0x31, 0x0d, 0x30, 0x0b, 0x06,
	0x03, 0x55, 0x04, 0x03, 0x13, 0x04, 0x43, 0x52, 0x4c, 0x31, 0x30, 0x81,
	0xe0, 0xa0, 0x81, 0xdd, 0xa0, 0x81, 0xda, 0x86, 0x81, 0xa3, 0x6c, 0x64,
	0x61, 0x70, 0x3a, 0x2f, 0x2f, 0x6c, 0x64, 0x61, 0x70, 0x2e, 0x63, 0x61,
	0x2e, 0x70, 0x6f, 0x73, 0x74, 0x61, 0x2e, 0x72, 0x73, 0x2f, 0x63, 0x6e,
	0x3d, 0x50, 0x6f, 0x73, 0x74, 0x61, 0x25, 0x32, 0x30, 0x43, 0x41, 0x25,
	0x32, 0x30, 0x52, 0x6f, 0x6f, 0x74, 0x2c, 0x63, 0x6e, 0x3d, 0x41, 0x49,
	0x41, 0x2c, 0x63, 0x6e, 0x3d, 0x50, 0x75, 0x62, 0x6c, 0x69, 0x63, 0x25,
	0x32, 0x30, 0x4b, 0x65, 0x79, 0x25, 0x32, 0x30, 0x53, 0x65, 0x72, 0x76,
	0x69, 0x63, 0x65, 0x73, 0x2c, 0x63, 0x6e, 0x3d, 0x53, 0x65, 0x72, 0x76,
	0x69, 0x63, 0x65, 0x73, 0x2c, 0x63, 0x6e, 0x3d, 0x43, 0x6f, 0x6e, 0x66,
	0x69, 0x67, 0x75, 0x72, 0x61, 0x74, 0x69, 0x6f, 0x6e, 0x2c, 0x64, 0x63,
	0x3d, 0x63, 0x61, 0x2c, 0x64, 0x63, 0x3d, 0x70, 0x6f, 0x73, 0x74, 0x61,
	0x2c, 0x64, 0x63, 0x3d, 0x72, 0x73, 0x3f, 0x63, 0x65, 0x72, 0x74, 0x69,
	0x66, 0x69, 0x63, 0x61, 0x74, 0x65, 0x52, 0x65, 0x76, 0x6f, 0x63, 0x61,
	0x74, 0x69, 0x6f, 0x6e, 0x4c, 0x69, 0x73, 0x74, 0x25, 0x33, 0x42, 0x62,
	0x69, 0x6e, 0x61, 0x72, 0x79, 0x86, 0x32, 0x68, 0x74, 0x74, 0x70, 0x3a,
	0x2f, 0x2f, 0x73, 0x65, 0x72, 0x74, 0x69, 0x66, 0x69, 0x6b, 0x61, 0x74,
	0x69, 0x2e, 0x63, 0x61, 0x2e, 0x70, 0x6f, 0x73, 0x74, 0x61, 0x2e, 0x72,
	0x73, 0x2f, 0x63, 0x72, 0x6c, 0x2f, 0x50, 0x6f, 0x73, 0x74, 0x61, 0x43,
	0x41, 0x52, 0x6f, 0x6f, 0x74, 0x2e, 0x63, 0x72, 0x6c, 0x30, 0x2b, 0x06,
	0x03, 0x55, 0x1d, 0x10, 0x04, 0x24, 0x30, 0x22, 0x80, 0x0f, 0x32, 0x30,
	0x30, 0x38, 0x31, 0x30, 0x32, 0x30, 0x31, 0x32, 0x32, 0x32, 0x30, 0x38,
	0x5a, 0x81, 0x0f, 0x32, 0x30, 0x32, 0x38, 0x31, 0x30, 0x32, 0x30, 0x31,
	0x32, 0x35, 0x32, 0x30, 0x38, 0x5a, 0x30, 0x1f, 0x06, 0x03, 0x55, 0x1d,
	0x23, 0x04, 0x18, 0x30, 0x16, 0x80, 0x14, 0xf2, 0xcb, 0x8d, 0xe2, 0x35,
	0xef, 0x10, 0x43, 0xc4, 0xda, 0x7b, 0xca, 0xfa, 0xeb, 0x89, 0x03, 0xa1,
	0x22, 0xaf, 0xb8, 0x30, 0x1d, 0x06, 0x03, 0x55, 0x1d, 0x0e, 0x04, 0x16,
	0x04, 0x14, 0xf2, 0xcb, 0x8d, 0xe2, 0x35, 0xef, 0x10, 0x43, 0xc4, 0xda,
	0x7b, 0xca, 0xfa, 0xeb, 0x89, 0x03, 0xa1, 0x22, 0xaf, 0xb8, 0x30, 0x1d,
	0x06, 0x09, 0x2a, 0x86, 0x48, 0x86, 0xf6, 0x7d, 0x07, 0x41, 0x00, 0x04,
	0x10, 0x30, 0x0e, 0x1b, 0x08, 0x56, 0x37, 0x2e, 0x31, 0x3a, 0x34, 0x2e,
	0x30, 0x03, 0x02, 0x04, 0x90, 0x30, 0x0d, 0x06, 0x09, 0x2a, 0x86, 0x48,
	0x86, 0xf7, 0x0d, 0x01, 0x01, 0x05, 0x05, 0x00, 0x03, 0x00, 0x30, 0x82,
	0x02, 0x49, 0x30, 0x82, 0x02, 0x34, 0xa0, 0x03, 0x02, 0x01, 0x02, 0x02,
	0x10, 0x01, 0xa2, 0xe0, 0x7f, 0xf5, 0x24, 0x12, 0xf1, 0x12, 0xe0, 0x9d,
	0x04, 0x3f, 0xff, 0x8f, 0x53, 0x30, 0x0d, 0x06, 0x09, 0x2a, 0x86, 0x48,
	0x86, 0xf7, 0x0d, 0x01, 0x01, 0x05, 0x05, 0x00, 0x30, 0x4f, 0x31, 0x1c,
	0x30, 0x1a, 0x06, 0x03, 0x55, 0x04, 0x0a, 0x13, 0x13, 0x54, 0x72, 0x75,
	0x73, 0x74, 0x20, 0x49, 0x74, 0x61, 0x6c, 0x69, 0x61, 0x20, 0x53, 0x2e,
	0x70, 0x2e, 0x41, 0x2e, 0x31, 0x22, 0x30, 0x20, 0x06, 0x03, 0x55, 0x04,
	0x03, 0x13, 0x19, 0x54, 0x49, 0x20, 0x46, 0x69, 0x72, 0x6d, 0x61, 0x20,
	0x44, 0x69, 0x67, 0x69, 0x74, 0x61, 0x6c, 0x65, 0x20, 0x43, 0x41, 0x20,
	0x2d, 0x20, 0x47, 0x33, 0x31, 0x0b, 0x30, 0x09, 0x06, 0x03, 0x55, 0x04,
	0x06, 0x13, 0x02, 0x49, 0x54, 0x30, 0x1e, 0x17, 0x0d, 0x30, 0x34, 0x30,
	0x36, 0x32, 0x38, 0x30, 0x30, 0x30, 0x30, 0x30, 0x30, 0x5a, 0x17, 0x0d,
	0x30, 0x39, 0x30, 0x36, 0x32, 0x37, 0x32, 0x33, 0x35, 0x39, 0x35, 0x39,
	0x5a, 0x30, 0x00, 0x30, 0x11, 0x30, 0x0d, 0x06, 0x09, 0x2a, 0x86, 0x48,
	0x86, 0xf7, 0x0d, 0x01, 0x01, 0x01, 0x05, 0x00, 0x03, 0x00, 0xa3, 0x82,
	0x01, 0x84, 0x30, 0x82, 0x01, 0x80, 0x30, 0x36, 0x06, 0x08, 0x2b, 0x06,
	0x01, 0x05, 0x05, 0x07, 0x01, 0x01, 0x04, 0x2a, 0x30, 0x28, 0x30, 0x26,
	0x06, 0x08, 0x2b, 0x06, 0x01, 0x05, 0x05, 0x07, 0x30, 0x01, 0x86, 0x1a,
	0x68, 0x74, 0x74, 0x70, 0x3a, 0x2f, 0x2f, 0x6f, 0x63, 0x73, 0x70, 0x2e,
	0x74, 0x72, 0x75, 0x73, 0x74, 0x69, 0x74, 0x61, 0x6c, 0x69, 0x61, 0x2e,
	0x69, 0x74, 0x30, 0x12, 0x06, 0x03, 0x55, 0x1d, 0x13, 0x01, 0x01, 0xff,
	0x04, 0x08, 0x30, 0x06, 0x01, 0x01, 0xff, 0x02, 0x01, 0x00, 0x30, 0x51,
	0x06, 0x03, 0x55, 0x1d, 0x20, 0x04, 0x4a, 0x30, 0x48, 0x30, 0x46, 0x06,
	0x07, 0x2b, 0x06, 0x01, 0x04, 0x01, 0xc5, 0x31, 0x30, 0x3b, 0x30, 0x39,
	0x06, 0x08, 0x2b, 0x06, 0x01, 0x05, 0x05, 0x07, 0x02, 0x01, 0x16, 0x2d,
	0x68, 0x74, 0x74, 0x70, 0x73, 0x3a, 0x2f, 0x2f, 0x66, 0x69, 0x72, 0x6d,
	0x61, 0x64, 0x69, 0x67, 0x69, 0x74, 0x61, 0x6c, 0x65, 0x2e, 0x74, 0x72,
	0x75, 0x73, 0x74, 0x69, 0x74, 0x61, 0x6c, 0x69, 0x61, 0x2e, 0x69, 0x74,
	0x2f, 0x72, 0x70, 0x61, 0x2e, 0x68, 0x74, 0x6d, 0x6c, 0x30, 0x66, 0x06,
	0x03, 0x55, 0x1d, 0x1f, 0x04, 0x5f, 0x30, 0x5d, 0x30, 0x5b, 0xa0, 0x59,
	0xa0, 0x57, 0x86, 0x55, 0x68, 0x74, 0x74, 0x70, 0x3a, 0x2f, 0x2f, 0x6f,
	0x6e, 0x73, 0x69, 0x74, 0x65, 0x63, 0x72, 0x6c, 0x2e, 0x74, 0x72, 0x75,
	0x73, 0x74, 0x69, 0x74, 0x61, 0x6c, 0x69, 0x61, 0x2e, 0x69, 0x74, 0x2f,
	0x54, 0x72, 0x75, 0x73, 0x74, 0x49, 0x74, 0x61, 0x6c, 0x69, 0x61, 0x53,
	0x70, 0x41, 0x53, 0x65, 0x72, 0x76, 0x69, 0x7a, 0x69, 0x64, 0x69, 0x43,
	0x65, 0x72, 0x74, 0x69, 0x66, 0x69, 0x63, 0x61, 0x7a, 0x69, 0x6f, 0x6e,
	0x65, 0x46, 0x44, 0x2f, 0x4c, 0x61, 0x74, 0x65, 0x73, 0x74, 0x43, 0x52,
	0x4c, 0x2e, 0x63, 0x72, 0x6c, 0x30, 0x23, 0x06, 0x03, 0x55, 0x1d, 0x12,
	0x04, 0x1c, 0x30, 0x1a, 0xa4, 0x18, 0x30, 0x16, 0x31, 0x14, 0x30, 0x12,
	0x06, 0x03, 0x55, 0x04, 0x03, 0x13, 0x0b, 0x50, 0x72, 0x69, 0x76, 0x61,
	0x74, 0x65, 0x31, 0x2d, 0x32, 0x33, 0x30, 0x0e, 0x06, 0x03, 0x55, 0x1d,
	0x0f, 0x01, 0x01, 0xff, 0x04, 0x04, 0x03, 0x02, 0x01, 0x06, 0x30, 0x23,
	0x06, 0x03, 0x55, 0x1d, 0x11, 0x04, 0x1c, 0x30, 0x1a, 0xa4, 0x18, 0x30,
	0x16, 0x31, 0x14, 0x30, 0x12, 0x06, 0x03, 0x55, 0x04, 0x03, 0x13, 0x0b,
	0x50, 0x72, 0x69, 0x76, 0x61, 0x74, 0x65, 0x31, 0x2d, 0x32, 0x33, 0x30,
	0x1d, 0x06, 0x03, 0x55, 0x1d, 0x0e, 0x04, 0x16, 0x04, 0x14, 0xf4, 0x45,
	0xcf, 0x40, 0x33, 0x60, 0x32, 0xab, 0x90, 0xd9, 0x14, 0x88, 0xed, 0x82,
	0xdf, 0x8b, 0x89, 0x82, 0x8d, 0x35, 0x30, 0x0d, 0x06, 0x09, 0x2a, 0x86,
	0x48, 0x86, 0xf7, 0x0d, 0x01, 0x01, 0x05, 0x05, 0x00, 0x03, 0x00, 0x30,
	0x82, 0x02, 0x18, 0x30, 0x82, 0x02, 0x03, 0xa0, 0x03, 0x02, 0x01, 0x02,
	0x02, 0x01, 0x01, 0x30, 0x0d, 0x06, 0x09, 0x2a, 0x86, 0x48, 0x86, 0xf7,
	0x0d, 0x01, 0x01, 0x05, 0x05, 0x00, 0x30, 0x7a, 0x31, 0x0b, 0x30, 0x09,
	0x06, 0x03, 0x55, 0x04, 0x06, 0x13, 0x02, 0x49, 0x54, 0x31, 0x17, 0x30,
	0x15, 0x06, 0x03, 0x55, 0x04, 0x0a, 0x13, 0x0e, 0x41, 0x63, 0x74, 0x61,
	0x6c, 0x69, 0x73, 0x20, 0x53, 0x2e, 0x70, 0x2e, 0x41, 0x2e, 0x31, 0x27,
	0x30, 0x25, 0x06, 0x03, 0x55, 0x04, 0x0b, 0x13, 0x1e, 0x43, 0x65, 0x72,
	0x74, 0x69, 0x66, 0x69, 0x63, 0x61, 0x74, 0x69, 0x6f, 0x6e, 0x20, 0x53,
	0x65, 0x72, 0x76, 0x69, 0x63, 0x65, 0x20, 0x50, 0x72, 0x6f, 0x76, 0x69,
	0x64, 0x65, 0x72, 0x31, 0x29, 0x30, 0x27, 0x06, 0x03, 0x55, 0x04, 0x03,
	0x13, 0x20, 0x43, 0x6f, 0x6d, 0x75, 0x6e, 0x65, 0x20, 0x64, 0x69, 0x20,
	0x4c, 0x69, 0x76, 0x6f, 0x72, 0x6e, 0x6f, 0x20, 0x46, 0x69, 0x72, 0x6d,
	0x61, 0x20, 0x64, 0x69, 0x67, 0x69, 0x74, 0x61, 0x6c, 0x65, 0x30, 0x1e,
	0x17, 0x0d, 0x30, 0x34, 0x30, 0x34, 0x30, 0x36, 0x31, 0x35, 0x30, 0x35,
	0x31, 0x38, 0x5a, 0x17, 0x0d, 0x31, 0x34, 0x30, 0x34, 0x30, 0x37, 0x31,
	0x35, 0x30, 0x35, 0x31, 0x38, 0x5a, 0x30, 0x00, 0x30, 0x11, 0x30, 0x0d,
	0x06, 0x09, 0x2a, 0x86, 0x48, 0x86, 0xf7, 0x0d, 0x01, 0x01, 0x01, 0x05,
	0x00, 0x03, 0x00, 0xa3, 0x82, 0x01, 0x37, 0x30, 0x82, 0x01, 0x33, 0x30,
	0x0f, 0x06, 0x03, 0x55, 0x1d, 0x13, 0x01, 0x01, 0xff, 0x04, 0x05, 0x30,
	0x03, 0x01, 0x01, 0xff, 0x30, 0x0e, 0x06, 0x03, 0x55, 0x1d, 0x0f, 0x01,
	0x01, 0xff, 0x04, 0x04, 0x03, 0x02, 0x01, 0x06, 0x30, 0x51, 0x06, 0x03,
	0x55, 0x1d, 0x20, 0x04, 0x4a, 0x30, 0x48, 0x30, 0x46, 0x06, 0x06, 0x2b,
	0x81, 0x1f, 0x01, 0x01, 0x01, 0x30, 0x3c, 0x30, 0x3a, 0x06, 0x08, 0x2b,
	0x06, 0x01, 0x05, 0x05, 0x07, 0x02, 0x01, 0x16, 0x2e, 0x68, 0x74, 0x74,
	0x70, 0x73, 0x3a, 0x2f, 0x2f, 0x63, 0x61, 0x2e, 0x61, 0x63, 0x74, 0x61,
	0x6c, 0x69, 0x73, 0x2e, 0x69, 0x74, 0x2f, 0x72, 0x65, 0x70, 0x6f, 0x73,
	0x69, 0x74, 0x6f, 0x72, 0x79, 0x2f, 0x71, 0x75, 0x61, 0x6c, 0x69, 0x66,
	0x69, 0x65, 0x64, 0x2f, 0x43, 0x50, 0x53, 0x30, 0x81, 0x9d, 0x06, 0x03,
	0x55, 0x1d, 0x1f, 0x04, 0x81, 0x95, 0x30, 0x81, 0x92, 0x30, 0x81, 0x8f,
	0xa0, 0x81, 0x8c, 0xa0, 0x81, 0x89, 0x86, 0x81, 0x86, 0x6c, 0x64, 0x61,
	0x70, 0x3a, 0x2f, 0x2f, 0x66, 0x65, 0x2e, 0x63, 0x73, 0x70, 0x2e, 0x6d,
	0x75, 0x6c, 0x74, 0x69, 0x63, 0x65, 0x72, 0x74, 0x69, 0x66, 0x79, 0x2e,
	0x63, 0x6f, 0x6d, 0x3a, 0x33, 0x38, 0x39, 0x2f, 0x6f, 0x75, 0x25, 0x33,
	0x44, 0x43, 0x6f, 0x6d, 0x75, 0x6e, 0x65, 0x25, 0x32, 0x30, 0x64, 0x69,
	0x25, 0x32, 0x30, 0x4c, 0x69, 0x76, 0x6f, 0x72, 0x6e, 0x6f, 0x25, 0x32,
	0x30, 0x46, 0x69, 0x72, 0x6d, 0x61, 0x25, 0x32, 0x30, 0x64, 0x69, 0x67,
	0x69, 0x74, 0x61, 0x6c, 0x65, 0x25, 0x32, 0x43, 0x6f, 0x25, 0x33, 0x44,
	0x43, 0x6f, 0x6d, 0x75, 0x6e, 0x65, 0x25, 0x32, 0x30, 0x64, 0x69, 0x25,
	0x32, 0x30, 0x4c, 0x69, 0x76, 0x6f, 0x72, 0x6e, 0x6f, 0x3f, 0x63, 0x65,
	0x72, 0x74, 0x69, 0x66, 0x69, 0x63, 0x61, 0x74, 0x65, 0x72, 0x65, 0x76,
	0x6f, 0x63, 0x61, 0x74, 0x69, 0x6f, 0x6e, 0x6c, 0x69, 0x73, 0x74, 0x30,
	0x1d, 0x06, 0x03, 0x55, 0x1d, 0x0e, 0x04, 0x16, 0x04, 0x14, 0x65, 0xd5,
	0x0a, 0x8e, 0x42, 0xc3, 0xc4, 0xf3, 0xd5, 0xc7, 0x2d, 0x42, 0x5f, 0x0b,
	0xa3, 0xc5, 0xfa, 0x24, 0x69, 0x59, 0x30, 0x0d, 0x06, 0x09, 0x2a, 0x86,
	0x48, 0x86, 0xf7, 0x0d, 0x01, 0x01, 0x05, 0x05, 0x00, 0x03, 0x00, 0x30,
	0x82, 0x02, 0x6a, 0x30, 0x82, 0x02, 0x55, 0xa0, 0x03, 0x02, 0x01, 0x02,
	0x02, 0x09, 0x00, 0xe8, 0x2e, 0x3d, 0xa6, 0xc2, 0x2b, 0xf1, 0x3c, 0x30,
	0x0d, 0x06, 0x09, 0x2a, 0x86, 0x48, 0x86, 0xf7, 0x0d, 0x01, 0x01, 0x05,
	0x05, 0x00, 0x30, 0x81, 0xcb, 0x31, 0x0b, 0x30, 0x09, 0x06, 0x03, 0x55,
	0x04, 0x06, 0x13, 0x02, 0x49, 0x54, 0x31, 0x1f, 0x30, 0x1d, 0x06, 0x03,
	0x55, 0x04, 0x0a, 0x0c, 0x16, 0x4d, 0x69, 0x6e, 0x69, 0x73, 0x74, 0x65,
	0x72, 0x6f, 0x20, 0x64, 0x65, 0x6c, 0x6c, 0x61, 0x20, 0x44, 0x69, 0x66,
	0x65, 0x73, 0x61, 0x31, 0x20, 0x30, 0x1e, 0x06, 0x03, 0x55, 0x04, 0x0b,
	0x0c, 0x17, 0x53, 0x2e, 0x4d, 0x2e, 0x44, 0x2e, 0x20, 0x2d, 0x20, 0x43,
	0x2e, 0x64, 0x6f, 0x20, 0x43, 0x34, 0x20, 0x44, 0x69, 0x66, 0x65, 0x73,
	0x61, 0x31, 0x14, 0x30, 0x12, 0x06, 0x03, 0x55, 0x04, 0x05, 0x13, 0x0b,
	0x39, 0x37, 0x33, 0x35, 0x35, 0x32, 0x34, 0x30, 0x35, 0x38, 0x37, 0x31,
	0x3a, 0x30, 0x38, 0x06, 0x03, 0x55, 0x04, 0x03, 0x0c, 0x31, 0x4d, 0x69,
	0x6e, 0x69, 0x73, 0x74, 0x65, 0x72, 0x6f, 0x20, 0x64, 0x65, 0x6c, 0x6c,
	0x61, 0x20, 0x44, 0x69, 0x66, 0x65, 0x73, 0x61, 0x20, 0x2d, 0x20, 0x50,
	0x4b, 0x49, 0x20, 0x64, 0x69, 0x20, 0x46, 0x69, 0x72, 0x6d, 0x61, 0x20,
	0x51, 0x75, 0x61, 0x6c, 0x69, 0x66, 0x69, 0x63, 0x61, 0x74, 0x61, 0x31,
	0x27, 0x30, 0x25, 0x06, 0x09, 0x2a, 0x86, 0x48, 0x86, 0xf7, 0x0d, 0x01,
	0x09, 0x01, 0x16, 0x18, 0x69, 0x6e, 0x66, 0x6f, 0x5f, 0x70, 0x6b, 0x69,
	0x66, 0x66, 0x40, 0x73, 0x6d, 0x64, 0x2e, 0x64, 0x69, 0x66, 0x65, 0x73,
	0x61, 0x2e, 0x69, 0x74, 0x30, 0x1e, 0x17, 0x0d, 0x30, 0x36, 0x31, 0x31,
	0x30, 0x39, 0x31, 0x30, 0x34, 0x38, 0x34, 0x30, 0x5a, 0x17, 0x0d, 0x32,
	0x31, 0x31, 0x31, 0x30, 0x38, 0x31, 0x30, 0x34, 0x38, 0x34, 0x30, 0x5a,
	0x30, 0x00, 0x30, 0x11, 0x30, 0x0d, 0x06, 0x09, 0x2a, 0x86, 0x48, 0x86,
	0xf7, 0x0d, 0x01, 0x01, 0x01, 0x05, 0x00, 0x03, 0x00, 0xa3, 0x82, 0x01,
	0x2f, 0x30, 0x82, 0x01, 0x2b, 0x30, 0x0f, 0x06, 0x03, 0x55, 0x1d, 0x13,
	0x01, 0x01, 0xff, 0x04, 0x05, 0x30, 0x03, 0x01, 0x01, 0xff, 0x30, 0x1d,
	0x06, 0x03, 0x55, 0x1d, 0x0e, 0x04, 0x16, 0x04, 0x14, 0xac, 0x93, 0x1e,
	0x1c, 0x7d, 0x1f, 0x41, 0xe3, 0x39, 0x05, 0x55, 0xfd, 0xea, 0x33, 0xe3,
	0x16, 0xdd, 0x02, 0x5e, 0x3f, 0x30, 0x0e, 0x06, 0x03, 0x55, 0x1d, 0x0f,
	0x01, 0x01, 0xff, 0x04, 0x04, 0x03, 0x02, 0x01, 0x06, 0x30, 0x81, 0x96,
	0x06, 0x03, 0x55, 0x1d, 0x1f, 0x04, 0x81, 0x8e, 0x30, 0x81, 0x8b, 0x30,
	0x57, 0xa0, 0x55, 0xa0, 0x53, 0x86, 0x51, 0x4c, 0x44, 0x41, 0x50, 0x3a,
	0x2f, 0x2f, 0x6c, 0x64, 0x61, 0x70, 0x70, 0x6b, 0x69, 0x66, 0x66, 0x2e,
	0x64, 0x69, 0x66, 0x65, 0x73, 0x61, 0x2e, 0x69, 0x74, 0x3a, 0x33, 0x38,
	0x39, 0x2f, 0x63, 0x6e, 0x3d, 0x63, 0x72, 0x6c, 0x2d, 0x66, 0x69, 0x72,
	0x6d, 0x61, 0x64, 0x69, 0x67, 0x69, 0x74, 0x61, 0x6c, 0x65, 0x2c, 0x6f,
	0x3d, 0x4d, 0x69, 0x6e, 0x69, 0x73, 0x74, 0x65, 0x72, 0x6f, 0x20, 0x64,
	0x65, 0x6c, 0x6c, 0x61, 0x20, 0x44, 0x69, 0x66, 0x65, 0x73, 0x61, 0x2c,
	0x63, 0x3d, 0x49, 0x54, 0x30, 0x30, 0xa0, 0x2e, 0xa0, 0x2c, 0x86, 0x2a,
	0x68, 0x74, 0x74, 0x70, 0x3a, 0x2f, 0x2f, 0x77, 0x77, 0x77, 0x2e, 0x70,
	0x6b, 0x69, 0x2e, 0x64, 0x69, 0x66, 0x65, 0x73, 0x61, 0x2e, 0x69, 0x74,
	0x2f, 0x66, 0x69, 0x72, 0x6d, 0x61, 0x64, 0x69, 0x67, 0x69, 0x74, 0x61,
	0x6c, 0x65, 0x2e, 0x63, 0x72, 0x6c, 0x30, 0x50, 0x06, 0x03, 0x55, 0x1d,
	0x20, 0x04, 0x49, 0x30, 0x47, 0x30, 0x45, 0x06, 0x09, 0x2b, 0x06, 0x01,
	0x04, 0x01, 0xed, 0x4f, 0x01, 0x01, 0x30, 0x38, 0x30, 0x36, 0x06, 0x08,
	0x2b, 0x06, 0x01, 0x05, 0x05, 0x07, 0x02, 0x01, 0x16, 0x2a, 0x68, 0x74,
	0x74, 0x70, 0x3a, 0x2f, 0x2f, 0x77, 0x77, 0x77, 0x2e, 0x70, 0x6b, 0x69,
	0x2e, 0x64, 0x69, 0x66, 0x65, 0x73, 0x61, 0x2e, 0x69, 0x74, 0x2f, 0x66,
	0x69, 0x72, 0x6d, 0x61, 0x64, 0x69, 0x67, 0x69, 0x74, 0x61, 0x6c, 0x65,
	0x2e, 0x70, 0x64, 0x66, 0x30, 0x0d, 0x06, 0x09, 0x2a, 0x86, 0x48, 0x86,
	0xf7, 0x0d, 0x01, 0x01, 0x05, 0x05, 0x00, 0x03, 0x00, 0x30, 0x82, 0x02,
	0x18, 0x30, 0x82, 0x02, 0x03, 0xa0, 0x03, 0x02, 0x01, 0x02, 0x02, 0x01,
	0x01, 0x30, 0x0d, 0x06, 0x09, 0x2a, 0x86, 0x48, 0x86, 0xf7, 0x0d, 0x01,
	0x01, 0x05, 0x05, 0x00, 0x30, 0x7a, 0x31, 0x0b, 0x30, 0x09, 0x06, 0x03,
	0x55, 0x04, 0x06, 0x13, 0x02, 0x49, 0x54, 0x31, 0x17, 0x30, 0x15, 0x06,
	0x03, 0x55, 0x04, 0x0a, 0x13, 0x0e, 0x41, 0x63, 0x74, 0x61, 0x6c, 0x69,
	0x73, 0x20, 0x53, 0x2e, 0x70, 0x2e, 0x41, 0x2e, 0x31, 0x27, 0x30, 0x25,
	0x06, 0x03, 0x55, 0x04, 0x0b, 0x13, 0x1e, 0x43, 0x65, 0x72, 0x74, 0x69,
	0x66, 0x69, 0x63, 0x61, 0x74, 0x69, 0x6f, 0x6e, 0x20, 0x53, 0x65, 0x72,
	0x76, 0x69, 0x63, 0x65, 0x20, 0x50, 0x72, 0x6f, 0x76, 0x69, 0x64, 0x65,
	0x72, 0x31, 0x29, 0x30, 0x27, 0x06, 0x03, 0x55, 0x04, 0x03, 0x13, 0x20,
	0x50, 0x72, 0x6f, 0x76, 0x69, 0x6e, 0x63, 0x69, 0x61, 0x20, 0x64, 0x69,
	0x20, 0x52, 0x6f, 0x6d, 0x61, 0x20, 0x46, 0x69, 0x72, 0x6d, 0x61, 0x20,
	0x64, 0x69, 0x67, 0x69, 0x74, 0x61, 0x6c, 0x65, 0x30, 0x1e, 0x17, 0x0d,
	0x30, 0x34, 0x30, 0x34, 0x32, 0x31, 0x30, 0x38, 0x33, 0x39, 0x34, 0x36,
	0x5a, 0x17, 0x0d, 0x31, 0x34, 0x30, 0x34, 0x32, 0x32, 0x30, 0x38, 0x33,
	0x39, 0x34, 0x36, 0x5a, 0x30, 0x00, 0x30, 0x11, 0x30, 0x0d, 0x06, 0x09,
	0x2a, 0x86, 0x48, 0x86, 0xf7, 0x0d, 0x01, 0x01, 0x01, 0x05, 0x00, 0x03,
	0x00, 0xa3, 0x82, 0x01, 0x37, 0x30, 0x82, 0x01, 0x33, 0x30, 0x0f, 0x06,
	0x03, 0x55, 0x1d, 0x13, 0x01, 0x01, 0xff, 0x04, 0x05, 0x30, 0x03, 0x01,
	0x01, 0xff, 0x30, 0x0e, 0x06, 0x03, 0x55, 0x1d, 0x0f, 0x01, 0x01, 0xff,
	0x04, 0x04, 0x03, 0x02, 0x01, 0x06, 0x30, 0x51, 0x06, 0x03, 0x55, 0x1d,
	0x20, 0x04, 0x4a, 0x30, 0x48, 0x30, 0x46, 0x06, 0x06, 0x2b, 0x81, 0x1f,
	0x01, 0x01, 0x01, 0x30, 0x3c, 0x30, 0x3a, 0x06, 0x08, 0x2b, 0x06, 0x01,
	0x05, 0x05, 0x07, 0x02, 0x01, 0x16, 0x2e, 0x68, 0x74, 0x74, 0x70, 0x73,
	0x3a, 0x2f, 0x2f, 0x63, 0x61, 0x2e, 0x61, 0x63, 0x74, 0x61, 0x6c, 0x69,
	0x73, 0x2e, 0x69, 0x74, 0x2f, 0x72, 0x65, 0x70, 0x6f, 0x73, 0x69, 0x74,
	0x6f, 0x72, 0x79, 0x2f, 0x71, 0x75, 0x61, 0x6c, 0x69, 0x66, 0x69, 0x65,
	0x64, 0x2f, 0x43, 0x50, 0x53, 0x30, 0x81, 0x9d, 0x06, 0x03, 0x55, 0x1d,
	0x1f, 0x04, 0x81, 0x95, 0x30, 0x81, 0x92, 0x30, 0x81, 0x8f, 0xa0, 0x81,
	0x8c, 0xa0, 0x81, 0x89, 0x86, 0x81, 0x86, 0x6c, 0x64, 0x61, 0x70, 0x3a,
	0x2f, 0x2f, 0x66, 0x65, 0x2e, 0x63, 0x73, 0x70, 0x2e, 0x6d, 0x75, 0x6c,
	0x74, 0x69, 0x63, 0x65, 0x72, 0x74, 0x69, 0x66, 0x79, 0x2e, 0x63, 0x6f,
	0x6d, 0x3a, 0x33, 0x38, 0x39, 0x2f, 0x6f, 0x75, 0x25, 0x33, 0x44, 0x50,
	0x72, 0x6f, 0x76, 0x69, 0x6e, 0x63, 0x69, 0x61, 0x25, 0x32, 0x30, 0x64,
	0x69, 0x25, 0x32, 0x30, 0x52, 0x6f, 0x6d, 0x61, 0x25, 0x32, 0x30, 0x46,
	0x69, 0x72, 0x6d, 0x61, 0x25, 0x32, 0x30, 0x64, 0x69, 0x67, 0x69, 0x74,
	0x61, 0x6c, 0x65, 0x25, 0x32, 0x43, 0x6f, 0x25, 0x33, 0x44, 0x50, 0x72,
	0x6f, 0x76, 0x69, 0x6e, 0x63, 0x69, 0x61, 0x25, 0x32, 0x30, 0x64, 0x69,
	0x25, 0x32, 0x30, 0x52, 0x6f, 0x6d, 0x61, 0x3f, 0x63, 0x65, 0x72, 0x74,
	0x69, 0x66, 0x69, 0x63, 0x61, 0x74, 0x65, 0x72, 0x65, 0x76, 0x6f, 0x63,
	0x61, 0x74, 0x69, 0x6f, 0x6e, 0x6c, 0x69, 0x73, 0x74, 0x30, 0x1d, 0x06,
	0x03, 0x55, 0x1d, 0x0e, 0x04, 0x16, 0x04, 0x14, 0x8f, 0x19, 0xda, 0x5a,
	0x3e, 0x33, 0xf2, 0x84, 0x13, 0x4a, 0x43, 0xee, 0x0f, 0xe8, 0x1a, 0xbc,
	0x4d, 0x87, 0xec, 0xe6, 0x30, 0x0d, 0x06, 0x09, 0x2a, 0x86, 0x48, 0x86,
	0xf7, 0x0d, 0x01, 0x01, 0x05, 0x05, 0x00, 0x03, 0x00, 0x30, 0x82, 0x03,
	0x41, 0x30, 0x82, 0x03, 0x2c, 0xa0, 0x03, 0x02, 0x01, 0x02, 0x02, 0x10,
	0x67, 0xd6, 0xb6, 0xdd, 0xd4, 0x4b, 0x1e, 0xaa, 0x4b, 0xec, 0x94, 0x78,
	0x72, 0x35, 0x97, 0x66, 0x30, 0x0d, 0x06, 0x09, 0x2a, 0x86, 0x48, 0x86,
	0xf7, 0x0d, 0x01, 0x01, 0x05, 0x05, 0x00, 0x30, 0x81, 0xb1, 0x31, 0x0b,
	0x30, 0x09, 0x06, 0x03, 0x55, 0x04, 0x06, 0x13, 0x02, 0x43, 0x4c, 0x31,
	0x1d, 0x30, 0x1b, 0x06, 0x03, 0x55, 0x04, 0x08, 0x13, 0x14, 0x52, 0x65,
	0x67, 0x69, 0x6f, 0x6e, 0x20, 0x4d, 0x65, 0x74, 0x72, 0x6f, 0x70, 0x6f,
	0x6c, 0x69, 0x74, 0x61, 0x6e, 0x61, 0x31, 0x11, 0x30, 0x0f, 0x06, 0x03,
	0x55, 0x04, 0x07, 0x13, 0x08, 0x53, 0x61, 0x6e, 0x74, 0x69, 0x61, 0x67,
	0x6f, 0x31, 0x14, 0x30, 0x12, 0x06, 0x03, 0x55, 0x04, 0x0a, 0x13, 0x0b,
	0x45, 0x2d, 0x43, 0x45, 0x52, 0x54, 0x43, 0x48, 0x49, 0x4c, 0x45, 0x31,
	0x20, 0x30, 0x1e, 0x06, 0x03, 0x55, 0x04, 0x0b, 0x13, 0x17, 0x41, 0x75,
	0x74, 0x6f, 0x72, 0x69, 0x64, 0x61, 0x64, 0x20, 0x43, 0x65, 0x72, 0x74,
	0x69, 0x66, 0x69, 0x63, 0x61, 0x64, 0x6f, 0x72, 0x61, 0x31, 0x1f, 0x30,
	0x1d, 0x06, 0x09, 0x2a, 0x86, 0x48, 0x86, 0xf7, 0x0d, 0x01, 0x09, 0x01,
	0x16, 0x10, 0x73, 0x63, 0x6c, 0x69, 0x65, 0x6e, 0x74, 0x65, 0x73, 0x40,
	0x63, 0x63, 0x73, 0x2e, 0x63, 0x6c, 0x31, 0x17, 0x30, 0x15, 0x06, 0x03,
	0x55, 0x04, 0x03, 0x13, 0x0e, 0x45, 0x2d, 0x43, 0x45, 0x52, 0x54, 0x20,
	0x52, 0x4f, 0x4f, 0x54, 0x20, 0x43, 0x41, 0x30, 0x1e, 0x17, 0x0d, 0x30,
	0x38, 0x30, 0x39, 0x30, 0x35, 0x31, 0x39, 0x33, 0x34, 0x30, 0x38, 0x5a,
	0x17, 0x0d, 0x32, 0x38, 0x30, 0x39, 0x30, 0x35, 0x31, 0x39, 0x33, 0x39,
	0x34, 0x31, 0x5a, 0x30, 0x00, 0x30, 0x11, 0x30, 0x0d, 0x06, 0x09, 0x2a,
	0x86, 0x48, 0x86, 0xf7, 0x0d, 0x01, 0x01, 0x01, 0x05, 0x00, 0x03, 0x00,
	0xa3, 0x82, 0x02, 0x19, 0x30, 0x82, 0x02, 0x15, 0x30, 0x0e, 0x06, 0x03,
	0x55, 0x1d, 0x0f, 0x01, 0x01, 0xff, 0x04, 0x04, 0x03, 0x02, 0x01, 0x06,
	0x30, 0x13, 0x06, 0x09, 0x2b, 0x06, 0x01, 0x04, 0x01, 0x82, 0x37, 0x14,
	0x02, 0x04, 0x06, 0x1e, 0x04, 0x00, 0x43, 0x00, 0x41, 0x30, 0x0f, 0x06,
	0x03, 0x55, 0x1d, 0x13, 0x01, 0x01, 0xff, 0x04, 0x05, 0x30, 0x03, 0x01,
	0x01, 0xff, 0x30, 0x1d, 0x06, 0x03, 0x55, 0x1d, 0x0e, 0x04, 0x16, 0x04,
	0x14, 0x50, 0xdd, 0x82, 0xd1, 0x88, 0x92, 0x2d, 0x8f, 0x3c, 0xe9, 0xba,
	0x5d, 0xc7, 0x62, 0x66, 0xe2, 0x6f, 0x7b, 0xab, 0x20, 0x30, 0x82, 0x01,
	0x13, 0x06, 0x03, 0x55, 0x1d, 0x1f, 0x04, 0x82, 0x01, 0x0a, 0x30, 0x82,
	0x01, 0x06, 0x30, 0x82, 0x01, 0x02, 0xa0, 0x81, 0xff, 0xa0, 0x81, 0xfc,
	0x86, 0x81, 0xba, 0x6c, 0x64, 0x61, 0x70, 0x3a, 0x2f, 0x2f, 0x2f, 0x43,
	0x4e, 0x3d, 0x45, 0x2d, 0x43, 0x45, 0x52, 0x54, 0x25, 0x32, 0x30, 0x52,
	0x4f, 0x4f, 0x54, 0x25, 0x32, 0x30, 0x43, 0x41, 0x2c, 0x43, 0x4e, 0x3d,
	0x70, 0x6b, 0x69, 0x2d, 0x72, 0x6f, 0x6f, 0x74, 0x2c, 0x43, 0x4e, 0x3d,
	0x43, 0x44, 0x50, 0x2c, 0x43, 0x4e, 0x3d, 0x50, 0x75, 0x62, 0x6c, 0x69,
	0x63, 0x25, 0x32, 0x30, 0x4b, 0x65, 0x79, 0x25, 0x32, 0x30, 0x53, 0x65,
	0x72, 0x76, 0x69, 0x63, 0x65, 0x73, 0x2c, 0x43, 0x4e, 0x3d, 0x53, 0x65,
	0x72, 0x76, 0x69, 0x63, 0x65, 0x73, 0x2c, 0x43, 0x4e, 0x3d, 0x43, 0x6f,
	0x6e, 0x66, 0x69, 0x67, 0x75, 0x72, 0x61, 0x74, 0x69, 0x6f, 0x6e, 0x2c,
	0x44, 0x43, 0x3d, 0x65, 0x63, 0x65, 0x72, 0x74, 0x70, 0x6b, 0x69, 0x2c,
	0x44, 0x43, 0x3d, 0x63, 0x6c, 0x3f, 0x63, 0x65, 0x72, 0x74, 0x69, 0x66,
	0x69, 0x63, 0x61, 0x74, 0x65, 0x52, 0x65, 0x76, 0x6f, 0x63, 0x61, 0x74,
	0x69, 0x6f, 0x6e, 0x4c, 0x69, 0x73, 0x74, 0x3f, 0x62, 0x61, 0x73, 0x65,
	0x3f, 0x6f, 0x62, 0x6a, 0x65, 0x63, 0x74, 0x43, 0x6c, 0x61, 0x73, 0x73,
	0x3d, 0x63, 0x52, 0x4c, 0x44, 0x69, 0x73, 0x74, 0x72, 0x69, 0x62, 0x75,
	0x74, 0x69, 0x6f, 0x6e, 0x50, 0x6f, 0x69, 0x6e, 0x74, 0x86, 0x3d, 0x68,
	0x74, 0x74, 0x70, 0x3a, 0x2f, 0x2f, 0x70, 0x6b, 0x69, 0x2d, 0x72, 0x6f,
	0x6f, 0x74, 0x2e, 0x65, 0x63, 0x65, 0x72, 0x74, 0x70, 0x6b, 0x69, 0x2e,
	0x63, 0x6c, 0x2f, 0x43, 0x65, 0x72, 0x74, 0x45, 0x6e, 0x72, 0x6f, 0x6c,
	0x6c, 0x2f, 0x45, 0x2d, 0x43, 0x45, 0x52, 0x54, 0x25, 0x32, 0x30, 0x52,
	0x4f, 0x4f, 0x54, 0x25, 0x32, 0x30, 0x43, 0x41, 0x2e, 0x63, 0x72, 0x6c,
	0x30, 0x10, 0x06, 0x09, 0x2b, 0x06, 0x01, 0x04, 0x01, 0x82, 0x37, 0x15,
	0x01, 0x04, 0x03, 0x02, 0x01, 0x00, 0x30, 0x62, 0x06, 0x03, 0x55, 0x1d,
	0x20, 0x04, 0x5b, 0x30, 0x59, 0x30, 0x57, 0x06, 0x08, 0x2b, 0x06, 0x01,
	0x04, 0x01, 0xc3, 0x52, 0x05, 0x30, 0x4b, 0x30, 0x49, 0x06, 0x08, 0x2b,
	0x06, 0x01, 0x05, 0x05, 0x07, 0x02, 0x01, 0x16, 0x3d, 0x68, 0x74, 0x74,
	0x70, 0x3a, 0x2f, 0x2f, 0x77, 0x77, 0x77, 0x2e, 0x65, 0x2d, 0x63, 0x65,
	0x72, 0x74, 0x63, 0x68, 0x69, 0x6c, 0x65, 0x2e, 0x63, 0x6c, 0x2f, 0x68,
	0x74, 0x6d, 0x6c, 0x2f, 0x70, 0x72, 0x6f, 0x64, 0x75, 0x63, 0x74, 0x6f,
	0x73, 0x2f, 0x64, 0x6f, 0x77, 0x6e, 0x6c, 0x6f, 0x61, 0x64, 0x2f, 0x43,
	0x50, 0x53, 0x76, 0x31, 0x2e, 0x37, 0x2e, 0x70, 0x64, 0x66, 0x30, 0x31,
	0x06, 0x03, 0x55, 0x1d, 0x25, 0x04, 0x2a, 0x30, 0x28, 0x06, 0x08, 0x2b,
	0x06, 0x01, 0x05, 0x05, 0x07, 0x03, 0x01, 0x06, 0x08, 0x2b, 0x06, 0x01,
	0x05, 0x05, 0x07, 0x03, 0x02, 0x06, 0x08, 0x2b, 0x06, 0x01, 0x05, 0x05,
	0x07, 0x03, 0x04, 0x06, 0x08, 0x2b, 0x06, 0x01, 0x05, 0x05, 0x07, 0x03,
	0x08, 0x30, 0x0d, 0x06, 0x09, 0x2a, 0x86, 0x48, 0x86, 0xf7, 0x0d, 0x01,
	0x01, 0x05, 0x05, 0x00, 0x03, 0x00, 0x30, 0x82, 0x02, 0x7d, 0x30, 0x82,
	0x02, 0x68, 0xa0, 0x03, 0x02, 0x01, 0x02, 0x02, 0x03, 0x03, 0x26, 0xda,
	0x30, 0x0d, 0x06, 0x09, 0x2a, 0x86, 0x48, 0x86, 0xf7, 0x0d, 0x01, 0x01,
	0x05, 0x05, 0x00, 0x30, 0x52, 0x31, 0x0b, 0x30, 0x09, 0x06, 0x03, 0x55,
	0x04, 0x06, 0x13, 0x02, 0x44, 0x45, 0x31, 0x15, 0x30, 0x13, 0x06, 0x03,
	0x55, 0x04, 0x0a, 0x0c, 0x0c, 0x44, 0x2d, 0x54, 0x72, 0x75, 0x73, 0x74,
	0x20, 0x47, 0x6d, 0x62, 0x48, 0x31, 0x2c, 0x30, 0x2a, 0x06, 0x03, 0x55,
	0x04, 0x03, 0x0c, 0x23, 0x44, 0x2d, 0x54, 0x52, 0x55, 0x53, 0x54, 0x20,
	0x51, 0x75, 0x61, 0x6c, 0x69, 0x66, 0x69, 0x65, 0x64, 0x20, 0x52, 0x6f,
	0x6f, 0x74, 0x20, 0x43, 0x41, 0x20, 0x31, 0x20, 0x32, 0x30, 0x30, 0x37,
	0x3a, 0x50, 0x4e, 0x30, 0x1e, 0x17, 0x0d, 0x30, 0x37, 0x30, 0x36, 0x30,
	0x38, 0x31, 0x31, 0x34, 0x37, 0x34, 0x36, 0x5a, 0x17, 0x0d, 0x31, 0x32,
	0x30, 0x36, 0x30, 0x38, 0x31, 0x31, 0x34, 0x37, 0x34, 0x36, 0x5a, 0x30,
	0x00, 0x30, 0x11, 0x30, 0x0d, 0x06, 0x09, 0x2a, 0x86, 0x48, 0x86, 0xf7,
	0x0d, 0x01, 0x01, 0x01, 0x05, 0x00, 0x03, 0x00, 0xa3, 0x82, 0x01, 0xc2,
	0x30, 0x82, 0x01, 0xbe, 0x30, 0x0f, 0x06, 0x03, 0x55, 0x1d, 0x13, 0x01,
	0x01, 0xff, 0x04, 0x05, 0x30, 0x03, 0x01, 0x01, 0xff, 0x30, 0x1d, 0x06,
	0x03, 0x55, 0x1d, 0x0e, 0x04, 0x16, 0x04, 0x14, 0x2c, 0x4c, 0xf6, 0x9a,
	0x2a, 0x9f, 0x28, 0x82, 0x01, 0xc1, 0x99, 0x06, 0x11, 0xaf, 0xb3, 0x4b,
	0x7c, 0xb7, 0x9a, 0xfe, 0x30, 0x38, 0x06, 0x08, 0x2b, 0x06, 0x01, 0x05,
	0x05, 0x07, 0x01, 0x01, 0x04, 0x2c, 0x30, 0x2a, 0x30, 0x28, 0x06, 0x08,
	0x2b, 0x06, 0x01, 0x05, 0x05, 0x07, 0x30, 0x01, 0x86, 0x1c, 0x68, 0x74,
	0x74, 0x70, 0x3a, 0x2f, 0x2f, 0x71, 0x75, 0x61, 0x6c, 0x2e, 0x6f, 0x63,
	0x73, 0x70, 0x2e, 0x64, 0x2d, 0x74, 0x72, 0x75, 0x73, 0x74, 0x2e, 0x6e,
	0x65, 0x74, 0x30, 0x17, 0x06, 0x03, 0x55, 0x1d, 0x20, 0x04, 0x10, 0x30,
	0x0e, 0x30, 0x0c, 0x06, 0x0a, 0x2b, 0x06, 0x01, 0x04, 0x01, 0xa5, 0x34,
	0x02, 0x1f, 0x01, 0x30, 0x33, 0x06, 0x03, 0x55, 0x1d, 0x11, 0x04, 0x2c,
	0x30, 0x2a, 0x81, 0x10, 0x69, 0x6e, 0x66, 0x6f, 0x40, 0x64, 0x2d, 0x74,
	0x72, 0x75, 0x73, 0x74, 0x2e, 0x6e, 0x65, 0x74, 0x86, 0x16, 0x68, 0x74,
	0x74, 0x70, 0x3a, 0x2f, 0x2f, 0x77, 0x77, 0x77, 0x2e, 0x64, 0x2d, 0x74,
	0x72, 0x75, 0x73, 0x74, 0x2e, 0x6e, 0x65, 0x74, 0x30, 0x18, 0x06, 0x08,
	0x2b, 0x06, 0x01, 0x05, 0x05, 0x07, 0x01, 0x03, 0x04, 0x0c, 0x30, 0x0a,
	0x30, 0x08, 0x06, 0x06, 0x04, 0x00, 0x8e, 0x46, 0x01, 0x01, 0x30, 0x0e,
	0x06, 0x03, 0x55, 0x1d, 0x0f, 0x01, 0x01, 0xff, 0x04, 0x04, 0x03, 0x02,
	0x01, 0x06, 0x30, 0x81, 0xd9, 0x06, 0x03, 0x55, 0x1d, 0x1f, 0x04, 0x81,
	0xd1, 0x30, 0x81, 0xce, 0x30, 0x81, 0xcb, 0xa0, 0x81, 0xc8, 0xa0, 0x81,
	0xc5, 0x86, 0x7f, 0x6c, 0x64, 0x61, 0x70, 0x3a, 0x2f, 0x2f, 0x64, 0x69,
	0x72, 0x65, 0x63, 0x74, 0x6f, 0x72, 0x79, 0x2e, 0x64, 0x2d, 0x74, 0x72,
	0x75, 0x73, 0x74, 0x2e, 0x6e, 0x65, 0x74, 0x2f, 0x43, 0x4e, 0x3d, 0x44,
	0x2d, 0x54, 0x52, 0x55, 0x53, 0x54, 0x25, 0x32, 0x30, 0x51, 0x75, 0x61,
	0x6c, 0x69, 0x66, 0x69, 0x65, 0x64, 0x25, 0x32, 0x30, 0x52, 0x6f, 0x6f,
	0x74, 0x25, 0x32, 0x30, 0x43, 0x41, 0x25, 0x32, 0x30, 0x31, 0x25, 0x32,
	0x30, 0x32, 0x30, 0x30, 0x37, 0x25, 0x33, 0x41, 0x50, 0x4e, 0x2c, 0x4f,
	0x3d, 0x44, 0x2d, 0x54, 0x72, 0x75, 0x73, 0x74, 0x25, 0x32, 0x30, 0x47,
	0x6d, 0x62, 0x48, 0x2c, 0x43, 0x3d, 0x44, 0x45, 0x3f, 0x63, 0x65, 0x72,
	0x74, 0x69, 0x66, 0x69, 0x63, 0x61, 0x74, 0x65, 0x72, 0x65, 0x76, 0x6f,
	0x63, 0x61, 0x74, 0x69, 0x6f, 0x6e, 0x6c, 0x69, 0x73, 0x74, 0x86, 0x42,
	0x68, 0x74, 0x74, 0x70, 0x3a, 0x2f, 0x2f, 0x77, 0x77, 0x77, 0x2e, 0x64,
	0x2d, 0x74, 0x72, 0x75, 0x73, 0x74, 0x2e, 0x6e, 0x65, 0x74, 0x2f, 0x63,
	0x72, 0x6c, 0x2f, 0x64, 0x2d, 0x74, 0x72, 0x75, 0x73, 0x74, 0x5f, 0x71,
	0x75, 0x61, 0x6c, 0x69, 0x66, 0x69, 0x65, 0x64, 0x5f, 0x72, 0x6f, 0x6f,
	0x74, 0x5f, 0x63, 0x61, 0x5f, 0x31, 0x5f, 0x32, 0x30, 0x30, 0x37, 0x5f,
	0x70, 0x6e, 0x2e, 0x63, 0x72, 0x6c, 0x30, 0x0d, 0x06, 0x09, 0x2a, 0x86,
	0x48, 0x86, 0xf7, 0x0d, 0x01, 0x01, 0x05, 0x05, 0x00, 0x03, 0x00, 0x30,
	0x82, 0x01, 0xb0, 0x30, 0x82, 0x01, 0x9b, 0xa0, 0x03, 0x02, 0x01, 0x02,
	0x02, 0x01, 0x01, 0x30, 0x0d, 0x06, 0x09, 0x2a, 0x86, 0x48, 0x86, 0xf7,
	0x0d, 0x01, 0x01, 0x05, 0x05, 0x00, 0x30, 0x75, 0x31, 0x0b, 0x30, 0x09,
	0x06, 0x03, 0x55, 0x04, 0x06, 0x13, 0x02, 0x49, 0x54, 0x31, 0x1c, 0x30,
	0x1a, 0x06, 0x03, 0x55, 0x04, 0x0a, 0x13, 0x13, 0x49, 0x2e, 0x54, 0x2e,
	0x20, 0x54, 0x65, 0x6c, 0x65, 0x63, 0x6f, 0x6d, 0x20, 0x53, 0x2e, 0x52,
	0x2e, 0x4c, 0x2e, 0x31, 0x22, 0x30, 0x20, 0x06, 0x03, 0x55, 0x04, 0x0b,
	0x13, 0x19, 0x53, 0x65, 0x72, 0x76, 0x69, 0x7a, 0x69, 0x20, 0x64, 0x69,
	0x20, 0x63, 0x65, 0x72, 0x74, 0x69, 0x66, 0x69, 0x63, 0x61, 0x7a, 0x69,
	0x6f, 0x6e, 0x65, 0x31, 0x24, 0x30, 0x22, 0x06, 0x03, 0x55, 0x04, 0x03,
	0x13, 0x1b, 0x49, 0x2e, 0x54, 0x2e, 0x20, 0x54, 0x65, 0x6c, 0x65, 0x63,
	0x6f, 0x6d, 0x20, 0x46, 0x69, 0x72, 0x6d, 0x61, 0x53, 0x69, 0x63, 0x75,
	0x72, 0x61, 0x20, 0x43, 0x41, 0x30, 0x1e, 0x17, 0x0d, 0x30, 0x34, 0x31,
	0x32, 0x31, 0x34, 0x31, 0x36, 0x34, 0x34, 0x35, 0x37, 0x5a, 0x17, 0x0d,
	0x31, 0x34, 0x31, 0x32, 0x31, 0x34, 0x31, 0x36, 0x34, 0x33, 0x30, 0x37,
	0x5a, 0x30, 0x00, 0x30, 0x11, 0x30, 0x0d, 0x06, 0x09, 0x2a, 0x86, 0x48,
	0x86, 0xf7, 0x0d, 0x01, 0x01, 0x01, 0x05, 0x00, 0x03, 0x00, 0xa3, 0x81,
	0xd5, 0x30, 0x81, 0xd2, 0x30, 0x12, 0x06, 0x03, 0x55, 0x1d, 0x13, 0x01,
	0x01, 0xff, 0x04, 0x08, 0x30, 0x06, 0x01, 0x01, 0xff, 0x02, 0x01, 0x00,
	0x30, 0x4f, 0x06, 0x03, 0x55, 0x1d, 0x20, 0x04, 0x48, 0x30, 0x46, 0x30,
	0x44, 0x06, 0x06, 0x2b, 0x4c, 0x0c, 0x01, 0x01, 0x01, 0x30, 0x3a, 0x30,
	0x38, 0x06, 0x08, 0x2b, 0x06, 0x01, 0x05, 0x05, 0x07, 0x02, 0x01, 0x16,
	0x2c, 0x68, 0x74, 0x74, 0x70, 0x73, 0x3a, 0x2f, 0x2f, 0x77, 0x77, 0x77,
	0x2e, 0x66, 0x69, 0x72, 0x6d, 0x61, 0x73, 0x69, 0x63, 0x75, 0x72, 0x61,
	0x2e, 0x69, 0x74, 0x2f, 0x43, 0x65, 0x72, 0x74, 0x69, 0x66, 0x69, 0x63,
	0x61, 0x74, 0x6f, 0x72, 0x65, 0x2f, 0x43, 0x50, 0x53, 0x30, 0x3c, 0x06,
	0x03, 0x55, 0x1d, 0x1f, 0x04, 0x35, 0x30, 0x33, 0x30, 0x31, 0xa0, 0x2f,
	0xa0, 0x2d, 0x86, 0x2b, 0x68, 0x74, 0x74, 0x70, 0x3a, 0x2f, 0x2f, 0x63,
	0x72, 0x6c, 0x2e, 0x66, 0x69, 0x72, 0x6d, 0x61, 0x73, 0x69, 0x63, 0x75,
	0x72, 0x61, 0x2e, 0x69, 0x74, 0x2f, 0x43, 0x65, 0x72, 0x74, 0x69, 0x66,
	0x69, 0x63, 0x61, 0x74, 0x6f, 0x72, 0x65, 0x2f, 0x43, 0x52, 0x4c, 0x30,
	0x0e, 0x06, 0x03, 0x55, 0x1d, 0x0f, 0x01, 0x01, 0xff, 0x04, 0x04, 0x03,
	0x02, 0x01, 0x06, 0x30, 0x1d, 0x06, 0x03, 0x55, 0x1d, 0x0e, 0x04, 0x16,
	0x04, 0x14, 0x77, 0xca, 0x15, 0x55, 0x58, 0x06, 0x50, 0xd5, 0x04, 0x9b,
	0x0c, 0x33, 0xf2, 0x3e, 0xe3, 0xb0, 0x6f, 0xe7, 0x5a, 0x9c, 0x30, 0x0d,
	0x06, 0x09, 0x2a, 0x86, 0x48, 0x86, 0xf7, 0x0d, 0x01, 0x01, 0x05, 0x05,
	0x00, 0x03, 0x00, 0x30, 0x82, 0x02, 0x5a, 0x30, 0x82, 0x02, 0x45, 0xa0,
	0x03, 0x02, 0x01, 0x02, 0x02, 0x02, 0x04, 0x15, 0x30, 0x0d, 0x06, 0x09,
	0x2a, 0x86, 0x48, 0x86, 0xf7, 0x0d, 0x01, 0x01, 0x05, 0x05, 0x00, 0x30,
	0x81, 0x8e, 0x31, 0x1c, 0x30, 0x1a, 0x06, 0x03, 0x55, 0x04, 0x0a, 0x13,
	0x13, 0x53, 0x61, 0x6e, 0x70, 0x61, 0x6f, 0x6c, 0x6f, 0x20, 0x49, 0x4d,
	0x49, 0x20, 0x53, 0x2e, 0x70, 0x2e, 0x41, 0x2e, 0x31, 0x2c, 0x30, 0x2a,
	0x06, 0x03, 0x55, 0x04, 0x0b, 0x13, 0x23, 0x73, 0x61, 0x6e, 0x70, 0x61,
	0x6f, 0x6c, 0x6f, 0x69, 0x6d, 0x69, 0x20, 0x49, 0x64, 0x65, 0x6e, 0x74,
	0x72, 0x75, 0x73, 0x20, 0x49, 0x6e, 0x66, 0x72, 0x61, 0x73, 0x74, 0x72,
	0x75, 0x63, 0x74, 0x75, 0x72, 0x65, 0x31, 0x40, 0x30, 0x3e, 0x06, 0x03,
	0x55, 0x04, 0x03, 0x13, 0x37, 0x73, 0x61, 0x6e, 0x70, 0x61, 0x6f, 0x6c,
	0x6f, 0x69, 0x6d, 0x69, 0x20, 0x50, 0x72, 0x6f, 0x64, 0x75, 0x63, 0x74,
	0x69, 0x6f, 0x6e, 0x20, 0x49, 0x64, 0x65, 0x6e, 0x74, 0x72, 0x75, 0x73,
	0x20, 0x43, 0x65, 0x72, 0x74, 0x69, 0x66, 0x69, 0x63, 0x61, 0x74, 0x69,
	0x6f, 0x6e, 0x20, 0x41, 0x75, 0x74, 0x68, 0x6f, 0x72, 0x69, 0x74, 0x79,
	0x30, 0x1e, 0x17, 0x0d, 0x30, 0x34, 0x31, 0x31, 0x31, 0x30, 0x31, 0x33,
	0x35, 0x39, 0x33, 0x34, 0x5a, 0x17, 0x0d, 0x31, 0x31, 0x30, 0x31, 0x32,
	0x36, 0x30, 0x33, 0x31, 0x37, 0x33, 0x35, 0x5a, 0x30, 0x00, 0x30, 0x11,
	0x30, 0x0d, 0x06, 0x09, 0x2a, 0x86, 0x48, 0x86, 0xf7, 0x0d, 0x01, 0x01,
	0x01, 0x05, 0x00, 0x03, 0x00, 0xa3, 0x82, 0x01, 0x63, 0x30, 0x82, 0x01,
	0x5f, 0x30, 0x0f, 0x06, 0x03, 0x55, 0x1d, 0x13, 0x01, 0x01, 0xff, 0x04,
	0x05, 0x30, 0x03, 0x01, 0x01, 0xff, 0x30, 0x40, 0x06, 0x03, 0x55, 0x1d,
	0x20, 0x04, 0x39, 0x30, 0x37, 0x30, 0x35, 0x06, 0x06, 0x2b, 0x4c, 0x19,
	0x02, 0x02, 0x01, 0x30, 0x2b, 0x30, 0x29, 0x06, 0x08, 0x2b, 0x06, 0x01,
	0x05, 0x05, 0x07, 0x02, 0x01, 0x16, 0x1d, 0x68, 0x74, 0x74, 0x70, 0x3a,
	0x2f, 0x2f, 0x63, 0x61, 0x2e, 0x73, 0x61, 0x6e, 0x70, 0x61, 0x6f, 0x6c,
	0x6f, 0x69, 0x6d, 0x69, 0x2e, 0x63, 0x6f, 0x6d, 0x2f, 0x63, 0x70, 0x73,
	0x30, 0x0e, 0x06, 0x03, 0x55, 0x1d, 0x0f, 0x01, 0x01, 0xff, 0x04, 0x04,
	0x03, 0x02, 0x01, 0x06, 0x30, 0x81, 0xda, 0x06, 0x03, 0x55, 0x1d, 0x1f,
	0x04, 0x81, 0xd2, 0x30, 0x81, 0xcf, 0x30, 0x81, 0xcc, 0xa0, 0x81, 0xc9,
	0xa0, 0x81, 0xc6, 0x86, 0x81, 0xc3, 0x6c, 0x64, 0x61, 0x70, 0x3a, 0x2f,
	0x2f, 0x6c, 0x64, 0x61, 0x70, 0x2e, 0x73, 0x61, 0x6e, 0x70, 0x61, 0x6f,
	0x6c, 0x6f, 0x69, 0x6d, 0x69, 0x2e, 0x63, 0x6f, 0x6d, 0x2f, 0x63, 0x6e,
	0x25, 0x33, 0x64, 0x73, 0x61, 0x6e, 0x70, 0x61, 0x6f, 0x6c, 0x6f, 0x69,
	0x6d, 0x69, 0x25, 0x32, 0x30, 0x50, 0x72, 0x6f, 0x64, 0x75, 0x63, 0x74,
	0x69, 0x6f, 0x6e, 0x25, 0x32, 0x30, 0x49, 0x64, 0x65, 0x6e, 0x74, 0x72,
	0x75, 0x73, 0x25, 0x32, 0x30, 0x43, 0x65, 0x72, 0x74, 0x69, 0x66, 0x69,
	0x63, 0x61, 0x74, 0x69, 0x6f, 0x6e, 0x25, 0x32, 0x30, 0x41, 0x75, 0x74,
	0x68, 0x6f, 0x72, 0x69, 0x74, 0x79, 0x2c, 0x6f, 0x75, 0x25, 0x33, 0x64,
	0x73, 0x61, 0x6e, 0x70, 0x61, 0x6f, 0x6c, 0x6f, 0x69, 0x6d, 0x69, 0x25,
	0x32, 0x30, 0x49, 0x64, 0x65, 0x6e, 0x74, 0x72, 0x75, 0x73, 0x25, 0x32,
	0x30, 0x49, 0x6e, 0x66, 0x72, 0x61, 0x73, 0x74, 0x72, 0x75, 0x63, 0x74,
	0x75, 0x72, 0x65, 0x2c, 0x6f, 0x25, 0x33, 0x64, 0x53, 0x61, 0x6e, 0x70,
	0x61, 0x6f, 0x6c, 0x6f, 0x25, 0x32, 0x30, 0x49, 0x4d, 0x49, 0x25, 0x32,
	0x30, 0x53, 0x2e, 0x70, 0x2e, 0x41, 0x2e, 0x3f, 0x63, 0x65, 0x72, 0x74,
	0x69, 0x66, 0x69, 0x63, 0x61, 0x74, 0x65, 0x52, 0x65, 0x76, 0x6f, 0x63,
	0x61, 0x74, 0x69, 0x6f, 0x6e, 0x4c, 0x69, 0x73, 0x74, 0x30, 0x1d, 0x06,
	0x03, 0x55, 0x1d, 0x0e, 0x04, 0x16, 0x04, 0x14, 0x85, 0x78, 0x29, 0xae,
	0xbc, 0x92, 0x19, 0x58, 0x66, 0x35, 0x9e, 0x46, 0xce, 0x1e, 0xa1, 0x16,
	0x60, 0x43, 0xa4, 0x61, 0x30, 0x0d, 0x06, 0x09, 0x2a, 0x86, 0x48, 0x86,
	0xf7, 0x0d, 0x01, 0x01, 0x05, 0x05, 0x00, 0x03, 0x00, 0x30, 0x82, 0x02,
	0x1a, 0x30, 0x82, 0x02, 0x05, 0xa0, 0x03, 0x02, 0x01, 0x02, 0x02, 0x04,
	0x4b, 0xb1, 0xeb, 0x5b, 0x30, 0x0d, 0x06, 0x09, 0x2a, 0x86, 0x48, 0x86,
	0xf7, 0x0d, 0x01, 0x01, 0x05, 0x05, 0x00, 0x30, 0x56, 0x31, 0x0b, 0x30,
	0x09, 0x06, 0x03, 0x55, 0x04, 0x06, 0x13, 0x02, 0x49, 0x54, 0x31, 0x1a,
	0x30, 0x18, 0x06, 0x03, 0x55, 0x04, 0x0a, 0x0c, 0x11, 0x49, 0x4e, 0x2e,
	0x54, 0x45, 0x2e, 0x53, 0x2e, 0x41, 0x2e, 0x20, 0x53, 0x2e, 0x70, 0x2e,
	0x41, 0x2e, 0x31, 0x2b, 0x30, 0x29, 0x06, 0x03, 0x55, 0x04, 0x03, 0x0c,
	0x22, 0x49, 0x4e, 0x2e, 0x54, 0x45, 0x2e, 0x53, 0x2e, 0x41, 0x2e, 0x20,
	0x43, 0x65, 0x72, 0x74, 0x69, 0x66, 0x69, 0x63, 0x61, 0x74, 0x69, 0x6f,
	0x6e, 0x20, 0x41, 0x75, 0x74, 0x68, 0x6f, 0x72, 0x69, 0x74, 0x79, 0x30,
	0x1e, 0x17, 0x0d, 0x31, 0x30, 0x30, 0x33, 0x33, 0x30, 0x31, 0x31, 0x34,
	0x35, 0x32, 0x34, 0x5a, 0x17, 0x0d, 0x32, 0x35, 0x30, 0x33, 0x33, 0x30,
	0x31, 0x32, 0x31, 0x35, 0x32, 0x34, 0x5a, 0x30, 0x00, 0x30, 0x11, 0x30,
	0x0d, 0x06, 0x09, 0x2a, 0x86, 0x48, 0x86, 0xf7, 0x0d, 0x01, 0x01, 0x01,
	0x05, 0x00, 0x03, 0x00, 0xa3, 0x82, 0x01, 0x5a, 0x30, 0x82, 0x01, 0x56,
	0x30, 0x12, 0x06, 0x03, 0x55, 0x1d, 0x13, 0x01, 0x01, 0xff, 0x04, 0x08,
	0x30, 0x06, 0x01, 0x01, 0xff, 0x02, 0x01, 0x00, 0x30, 0x0e, 0x06, 0x03,
	0x55, 0x1d, 0x0f, 0x01, 0x01, 0xff, 0x04, 0x04, 0x03, 0x02, 0x01, 0x06,
	0x30, 0x3e, 0x06, 0x03, 0x55, 0x1d, 0x20, 0x04, 0x37, 0x30, 0x35, 0x30,
	0x33, 0x06, 0x06, 0x2b, 0x4c, 0x15, 0x01, 0x03, 0x01, 0x30, 0x29, 0x30,
	0x27, 0x06, 0x08, 0x2b, 0x06, 0x01, 0x05, 0x05, 0x07, 0x02, 0x01, 0x16,
	0x1b, 0x68, 0x74, 0x74, 0x70, 0x3a, 0x2f, 0x2f, 0x65, 0x2d, 0x74, 0x72,
	0x75, 0x73, 0x74, 0x63, 0x6f, 0x6d, 0x2e, 0x69, 0x6e, 0x74, 0x65, 0x73,
	0x61, 0x2e, 0x69, 0x74, 0x30, 0x81, 0xaf, 0x06, 0x03, 0x55, 0x1d, 0x1f,
	0x04, 0x81, 0xa7, 0x30, 0x81, 0xa4, 0x30, 0x33, 0xa0, 0x31, 0xa0, 0x2f,
	0x86, 0x2d, 0x68, 0x74, 0x74, 0x70, 0x3a, 0x2f, 0x2f, 0x65, 0x2d, 0x74,
	0x72, 0x75, 0x73, 0x74, 0x63, 0x6f, 0x6d, 0x2e, 0x69, 0x6e, 0x74, 0x65,
	0x73, 0x61, 0x2e, 0x69, 0x74, 0x2f, 0x43, 0x52, 0x4c, 0x2f, 0x49, 0x4e,
	0x54, 0x45, 0x53, 0x41, 0x5f, 0x43, 0x41, 0x2e, 0x63, 0x72, 0x6c, 0x30,
	0x6d, 0xa0, 0x6b, 0xa0, 0x69, 0xa4, 0x67, 0x30, 0x65, 0x31, 0x0b, 0x30,
	0x09, 0x06, 0x03, 0x55, 0x04, 0x06, 0x13, 0x02, 0x49, 0x54, 0x31, 0x1a,
	0x30, 0x18, 0x06, 0x03, 0x55, 0x04, 0x0a, 0x0c, 0x11, 0x49, 0x4e, 0x2e,
	0x54, 0x45, 0x2e, 0x53, 0x2e, 0x41, 0x2e, 0x20, 0x53, 0x2e, 0x70, 0x2e,
	0x41, 0x2e, 0x31, 0x2b, 0x30, 0x29, 0x06, 0x03, 0x55, 0x04, 0x03, 0x0c,
	0x22, 0x49, 0x4e, 0x2e, 0x54, 0x45, 0x2e, 0x53, 0x2e, 0x41, 0x2e, 0x20,
	0x43, 0x65, 0x72, 0x74, 0x69, 0x66, 0x69, 0x63, 0x61, 0x74, 0x69, 0x6f,
	0x6e, 0x20, 0x41, 0x75, 0x74, 0x68, 0x6f, 0x72, 0x69, 0x74, 0x79, 0x31,
	0x0d, 0x30, 0x0b, 0x06, 0x03, 0x55, 0x04, 0x03, 0x0c, 0x04, 0x43, 0x52,
	0x4c, 0x31, 0x30, 0x1f, 0x06, 0x03, 0x55, 0x1d, 0x23, 0x04, 0x18, 0x30,
	0x16, 0x80, 0x14, 0x1d, 0x75, 0x8b, 0xd9, 0xcf, 0x85, 0x83, 0x82, 0xf3,
	0x26, 0xb7, 0x56, 0x77, 0x8a, 0xce, 0x50, 0xdb, 0x2c, 0xcb, 0x3d, 0x30,
	0x1d, 0x06, 0x03, 0x55, 0x1d, 0x0e, 0x04, 0x16, 0x04, 0x14, 0x1d, 0x75,
	0x8b, 0xd9, 0xcf, 0x85, 0x83, 0x82, 0xf3, 0x26, 0xb7, 0x56, 0x77, 0x8a,
	0xce, 0x50, 0xdb, 0x2c, 0xcb, 0x3d, 0x30, 0x0d, 0x06, 0x09, 0x2a, 0x86,
	0x48, 0x86, 0xf7, 0x0d, 0x01, 0x01, 0x05, 0x05, 0x00, 0x03, 0x00, 0x30,
	0x82, 0x02, 0x37, 0x30, 0x82, 0x02, 0x22, 0xa0, 0x03, 0x02, 0x01, 0x02,
	0x02, 0x01, 0x01, 0x30, 0x0d, 0x06, 0x09, 0x2a, 0x86, 0x48, 0x86, 0xf7,
	0x0d, 0x01, 0x01, 0x05, 0x05, 0x00, 0x30, 0x81, 0xa0, 0x31, 0x0b, 0x30,
	0x09, 0x06, 0x03, 0x55, 0x04, 0x06, 0x13, 0x02, 0x49, 0x54, 0x31, 0x2a,
	0x30, 0x28, 0x06, 0x03, 0x55, 0x04, 0x0a, 0x13, 0x21, 0x43, 0x6f, 0x6e,
	0x73, 0x69, 0x67, 0x6c, 0x69, 0x6f, 0x20, 0x4e, 0x61, 0x7a, 0x69, 0x6f,
	0x6e, 0x61, 0x6c, 0x65, 0x20, 0x64, 0x65, 0x6c, 0x20, 0x4e, 0x6f, 0x74,
	0x61, 0x72, 0x69, 0x61, 0x74, 0x6f, 0x31, 0x39, 0x30, 0x37, 0x06, 0x03,
	0x55, 0x04, 0x03, 0x13, 0x30, 0x43, 0x6f, 0x6e, 0x73, 0x69, 0x67, 0x6c,
	0x69, 0x6f, 0x20, 0x4e, 0x61, 0x7a, 0x69, 0x6f, 0x6e, 0x61, 0x6c, 0x65,
	0x20, 0x64, 0x65, 0x6c, 0x20, 0x4e, 0x6f, 0x74, 0x61, 0x72, 0x69, 0x61,
	0x74, 0x6f, 0x2d, 0x46, 0x69, 0x72, 0x6d, 0x61, 0x20, 0x44, 0x69, 0x67,
	0x69, 0x74, 0x61, 0x6c, 0x65, 0x31, 0x2a, 0x30, 0x28, 0x06, 0x09, 0x2a,
	0x86, 0x48, 0x86, 0xf7, 0x0d, 0x01, 0x09, 0x01, 0x16, 0x1b, 0x63, 0x65,
	0x72, 0x74, 0x69, 0x66, 0x69, 0x63, 0x61, 0x7a, 0x69, 0x6f, 0x6e, 0x65,
	0x40, 0x6e, 0x6f, 0x74, 0x61, 0x72, 0x69, 0x61, 0x74, 0x6f, 0x2e, 0x69,
	0x74, 0x30, 0x1e, 0x17, 0x0d, 0x30, 0x32, 0x30, 0x39, 0x33, 0x30, 0x30,
	0x38, 0x32, 0x36, 0x31, 0x39, 0x5a, 0x17, 0x0d, 0x30, 0x35, 0x30, 0x39,
	0x32, 0x39, 0x30, 0x38, 0x32, 0x36, 0x31, 0x39, 0x5a, 0x30, 0x00, 0x30,
	0x11, 0x30, 0x0d, 0x06, 0x09, 0x2a, 0x86, 0x48, 0x86, 0xf7, 0x0d, 0x01,
	0x01, 0x01, 0x05, 0x00, 0x03, 0x00, 0xa3, 0x82, 0x01, 0x2f, 0x30, 0x82,
	0x01, 0x2b, 0x30, 0x0f, 0x06, 0x03, 0x55, 0x1d, 0x13, 0x01, 0x01, 0xff,
	0x04, 0x05, 0x30, 0x03, 0x01, 0x01, 0xff, 0x30, 0x0e, 0x06, 0x03, 0x55,
	0x1d, 0x0f, 0x01, 0x01, 0xff, 0x04, 0x04, 0x03, 0x02, 0x01, 0x06, 0x30,
	0x5d, 0x06, 0x03, 0x55, 0x1d, 0x20, 0x04, 0x56, 0x30, 0x54, 0x30, 0x52,
	0x06, 0x0a, 0x2b, 0x06, 0x01, 0x04, 0x01, 0xc2, 0x4e, 0x01, 0x01, 0x01,
	0x30, 0x44, 0x30, 0x42, 0x06, 0x08, 0x2b, 0x06, 0x01, 0x05, 0x05, 0x07,
	0x02, 0x01, 0x16, 0x36, 0x68, 0x74, 0x74, 0x70, 0x3a, 0x2f, 0x2f, 0x77,
	0x77, 0x77, 0x2e, 0x6e, 0x6f, 0x74, 0x61, 0x72, 0x69, 0x61, 0x74, 0x6f,
	0x2e, 0x69, 0x74, 0x2f, 0x66, 0x69, 0x72, 0x6d, 0x61, 0x64, 0x69, 0x67,
	0x69, 0x74, 0x61, 0x6c, 0x65, 0x2f, 0x6d, 0x61, 0x6e, 0x75, 0x61, 0x6c,
	0x65, 0x6f, 0x70, 0x65, 0x72, 0x61, 0x74, 0x69, 0x76, 0x6f, 0x30, 0x81,
	0x89, 0x06, 0x03, 0x55, 0x1d, 0x1f, 0x04, 0x81, 0x81, 0x30, 0x7f, 0x30,
	0x7d, 0xa0, 0x7b, 0xa0, 0x79, 0x86, 0x77, 0x6c, 0x64, 0x61, 0x70, 0x3a,
	0x2f, 0x2f, 0x6c, 0x64, 0x61, 0x70, 0x2e, 0x63, 0x61, 0x2e, 0x6e, 0x6f,
	0x74, 0x61, 0x72, 0x69, 0x61, 0x74, 0x6f, 0x2e, 0x69, 0x74, 0x3a, 0x33,
	0x38, 0x39, 0x2f, 0x6f, 0x75, 0x3d, 0x43, 0x6f, 0x6e, 0x73, 0x69, 0x67,
	0x6c, 0x69, 0x6f, 0x20, 0x4e, 0x61, 0x7a, 0x69, 0x6f, 0x6e, 0x61, 0x6c,
	0x65, 0x20, 0x64, 0x65, 0x6c, 0x20, 0x4e, 0x6f, 0x74, 0x61, 0x72, 0x69,
	0x61, 0x74, 0x6f, 0x2d, 0x46, 0x69, 0x72, 0x6d, 0x61, 0x20, 0x44, 0x69,
	0x67, 0x69, 0x74, 0x61, 0x6c, 0x65, 0x2c, 0x6f, 0x3d, 0x43, 0x6f, 0x6e,
	0x73, 0x69, 0x67, 0x6c, 0x69, 0x6f, 0x20, 0x4e, 0x61, 0x7a, 0x69, 0x6f,
	0x6e, 0x61, 0x6c, 0x65, 0x20, 0x64, 0x65, 0x6c, 0x20, 0x4e, 0x6f, 0x74,
	0x61, 0x72, 0x69, 0x61, 0x74, 0x6f, 0x30, 0x1d, 0x06, 0x03, 0x55, 0x1d,
	0x0e, 0x04, 0x16, 0x04, 0x14, 0xde, 0xd0, 0x49, 0x70, 0xf7, 0xe7, 0x82,
	0x69, 0x6c, 0x82, 0x2d, 0x6e, 0x7c, 0x71, 0xd5, 0x04, 0x49, 0xd1, 0x46,
	0x4d, 0x30, 0x0d, 0x06, 0x09, 0x2a, 0x86, 0x48, 0x86, 0xf7, 0x0d, 0x01,
	0x01, 0x05, 0x05, 0x00, 0x03, 0x00, 0x30, 0x82, 0x01, 0xed, 0x30, 0x82,
	0x01, 0xd8, 0xa0, 0x03, 0x02, 0x01, 0x02, 0x02, 0x10, 0x01, 0xee, 0xb6,
	0xf3, 0x14, 0x06, 0x9a, 0x7e, 0xdb, 0x3e, 0xd5, 0x1f, 0xf3, 0x51, 0x6d,
	0xbb, 0x30, 0x0d, 0x06, 0x09, 0x2a, 0x86, 0x48, 0x86, 0xf7, 0x0d, 0x01,
	0x01, 0x05, 0x05, 0x00, 0x30, 0x73, 0x31, 0x0b, 0x30, 0x09, 0x06, 0x03,
	0x55, 0x04, 0x06, 0x13, 0x02, 0x49, 0x54, 0x31, 0x1c, 0x30, 0x1a, 0x06,
	0x03, 0x55, 0x04, 0x0a, 0x13, 0x13, 0x54, 0x72, 0x75, 0x73, 0x74, 0x20,
	0x49, 0x74, 0x61, 0x6c, 0x69, 0x61, 0x20, 0x53, 0x2e, 0x70, 0x2e, 0x41,
	0x2e, 0x31, 0x28, 0x30, 0x26, 0x06, 0x03, 0x55, 0x04, 0x0b, 0x13, 0x1f,
	0x53, 0x65, 0x72, 0x76, 0x69, 0x7a, 0x69, 0x20, 0x64, 0x69, 0x20, 0x43,
	0x65, 0x72, 0x74, 0x69, 0x66, 0x69, 0x63, 0x61, 0x7a, 0x69, 0x6f, 0x6e,
	0x65, 0x20, 0x54, 0x53, 0x41, 0x20, 0x32, 0x31, 0x1c, 0x30, 0x1a, 0x06,
	0x03, 0x55, 0x04, 0x03, 0x13, 0x13, 0x54, 0x49, 0x20, 0x54, 0x69, 0x6d,
	0x65, 0x20, 0x53, 0x74, 0x61, 0x6d, 0x70, 0x69, 0x6e, 0x67, 0x20, 0x43,
	0x41, 0x30, 0x1e, 0x17, 0x0d, 0x30, 0x37, 0x31, 0x30, 0x30, 0x38, 0x30,
	0x30, 0x30, 0x30, 0x30, 0x30, 0x5a, 0x17, 0x0d, 0x31, 0x30, 0x31, 0x30,
	0x30, 0x37, 0x32, 0x33, 0x35, 0x39, 0x35, 0x39, 0x5a, 0x30, 0x00, 0x30,
	0x11, 0x30, 0x0d, 0x06, 0x09, 0x2a, 0x86, 0x48, 0x86, 0xf7, 0x0d, 0x01,
	0x01, 0x01, 0x05, 0x00, 0x03, 0x00, 0xa3, 0x82, 0x01, 0x04, 0x30, 0x82,
	0x01, 0x00, 0x30, 0x12, 0x06, 0x03, 0x55, 0x1d, 0x13, 0x01, 0x01, 0xff,
	0x04, 0x08, 0x30, 0x06, 0x01, 0x01, 0xff, 0x02, 0x01, 0x00, 0x30, 0x51,
	0x06, 0x03, 0x55, 0x1d, 0x20, 0x04, 0x4a, 0x30, 0x48, 0x30, 0x46, 0x06,
	0x07, 0x2b, 0x06, 0x01, 0x04, 0x01, 0xc5, 0x31, 0x30, 0x3b, 0x30, 0x39,
	0x06, 0x08, 0x2b, 0x06, 0x01, 0x05, 0x05, 0x07, 0x02, 0x01, 0x16, 0x2d,
	0x68, 0x74, 0x74, 0x70, 0x73, 0x3a, 0x2f, 0x2f, 0x66, 0x69, 0x72, 0x6d,
	0x61, 0x64, 0x69, 0x67, 0x69, 0x74, 0x61, 0x6c, 0x65, 0x2e, 0x74, 0x72,
	0x75, 0x73, 0x74, 0x69, 0x74, 0x61, 0x6c, 0x69, 0x61, 0x2e, 0x69, 0x74,
	0x2f, 0x72, 0x70, 0x61, 0x2e, 0x68, 0x74, 0x6d, 0x6c, 0x30, 0x0e, 0x06,
	0x03, 0x55, 0x1d, 0x0f, 0x01, 0x01, 0xff, 0x04, 0x04, 0x03, 0x02, 0x01,
	0x06, 0x30, 0x36, 0x06, 0x08, 0x2b, 0x06, 0x01, 0x05, 0x05, 0x07, 0x01,
	0x01, 0x04, 0x2a, 0x30, 0x28, 0x30, 0x26, 0x06, 0x08, 0x2b, 0x06, 0x01,
	0x05, 0x05, 0x07, 0x30, 0x01, 0x86, 0x1a, 0x68, 0x74, 0x74, 0x70, 0x3a,
	0x2f, 0x2f, 0x6f, 0x63, 0x73, 0x70, 0x2e, 0x74, 0x72, 0x75, 0x73, 0x74,
	0x69, 0x74, 0x61, 0x6c, 0x69, 0x61, 0x2e, 0x69, 0x74, 0x30, 0x30, 0x06,
	0x03, 0x55, 0x1d, 0x1f, 0x04, 0x29, 0x30, 0x27, 0x30, 0x25, 0xa0, 0x23,
	0xa0, 0x21, 0x86, 0x1f, 0x68, 0x74, 0x74, 0x70, 0x3a, 0x2f, 0x2f, 0x6f,
	0x6e, 0x73, 0x69, 0x74, 0x65, 0x63, 0x72, 0x6c, 0x2e, 0x74, 0x72, 0x75,
	0x73, 0x74, 0x69, 0x74, 0x61, 0x6c, 0x69, 0x61, 0x2e, 0x69, 0x74, 0x30,
	0x1d, 0x06, 0x03, 0x55, 0x1d, 0x0e, 0x04, 0x16, 0x04, 0x14, 0x26, 0x7d,
	0xfc, 0x76, 0xa4, 0x4f, 0x8a, 0xad, 0xee, 0x89, 0x0f, 0xdc, 0x5b, 0xa6,
	0x77, 0x60, 0x0e, 0x1b, 0x3b, 0x4f, 0x30, 0x0d, 0x06, 0x09, 0x2a, 0x86,
	0x48, 0x86, 0xf7, 0x0d, 0x01, 0x01, 0x05, 0x05, 0x00, 0x03, 0x00, 0x30,
	0x82, 0x01, 0xa2, 0x30, 0x82, 0x01, 0x8d, 0xa0, 0x03, 0x02, 0x01, 0x02,
	0x02, 0x01, 0x01, 0x30, 0x0d, 0x06, 0x09, 0x2a, 0x86, 0x48, 0x86, 0xf7,
	0x0d, 0x01, 0x01, 0x05, 0x05, 0x00, 0x30, 0x7b, 0x31, 0x0b, 0x30, 0x09,
	0x06, 0x03, 0x55, 0x04, 0x06, 0x13, 0x02, 0x49, 0x54, 0x31, 0x1c, 0x30,
	0x1a, 0x06, 0x03, 0x55, 0x04, 0x0a, 0x13, 0x13, 0x49, 0x2e, 0x54, 0x2e,
	0x20, 0x54, 0x65, 0x6c, 0x65, 0x63, 0x6f, 0x6d, 0x20, 0x53, 0x2e, 0x52,
	0x2e, 0x4c, 0x2e, 0x31, 0x22, 0x30, 0x20, 0x06, 0x03, 0x55, 0x04, 0x0b,
	0x13, 0x19, 0x53, 0x65, 0x72, 0x76, 0x69, 0x7a, 0x69, 0x20, 0x64, 0x69,
	0x20, 0x63, 0x65, 0x72, 0x74, 0x69, 0x66, 0x69, 0x63, 0x61, 0x7a, 0x69,
	0x6f, 0x6e, 0x65, 0x31, 0x2a, 0x30, 0x28, 0x06, 0x03, 0x55, 0x04, 0x03,
	0x13, 0x21, 0x49, 0x2e, 0x54, 0x2e, 0x20, 0x54, 0x65, 0x6c, 0x65, 0x63,
	0x6f, 0x6d, 0x20, 0x54, 0x69, 0x6d, 0x65, 0x20, 0x53, 0x74, 0x61, 0x6d,
	0x70, 0x20, 0x41, 0x75, 0x74, 0x68, 0x6f, 0x72, 0x69, 0x74, 0x79, 0x30,
	0x1e, 0x17, 0x0d, 0x30, 0x34, 0x31, 0x32, 0x31, 0x34, 0x31, 0x37, 0x31,
	0x35, 0x35, 0x33, 0x5a, 0x17, 0x0d, 0x31, 0x34, 0x31, 0x32, 0x31, 0x34,
	0x31, 0x37, 0x31, 0x33, 0x34, 0x35, 0x5a, 0x30, 0x00, 0x30, 0x11, 0x30,
	0x0d, 0x06, 0x09, 0x2a, 0x86, 0x48, 0x86, 0xf7, 0x0d, 0x01, 0x01, 0x01,
	0x05, 0x00, 0x03, 0x00, 0xa3, 0x81, 0xc1, 0x30, 0x81, 0xbe, 0x30, 0x12,
	0x06, 0x03, 0x55, 0x1d, 0x13, 0x01, 0x01, 0xff, 0x04, 0x08, 0x30, 0x06,
	0x01, 0x01, 0xff, 0x02, 0x01, 0x00, 0x30, 0x45, 0x06, 0x03, 0x55, 0x1d,
	0x20, 0x04, 0x3e, 0x30, 0x3c, 0x30, 0x3a, 0x06, 0x06, 0x2b, 0x4c, 0x0c,
	0x01, 0x01, 0x02, 0x30, 0x30, 0x30, 0x2e, 0x06, 0x08, 0x2b, 0x06, 0x01,
	0x05, 0x05, 0x07, 0x02, 0x01, 0x16, 0x22, 0x68, 0x74, 0x74, 0x70, 0x73,
	0x3a, 0x2f, 0x2f, 0x77, 0x77, 0x77, 0x2e, 0x66, 0x69, 0x72, 0x6d, 0x61,
	0x73, 0x69, 0x63, 0x75, 0x72, 0x61, 0x2e, 0x69, 0x74, 0x2f, 0x54, 0x53,
	0x41, 0x2f, 0x43, 0x50, 0x53, 0x30, 0x32, 0x06, 0x03, 0x55, 0x1d, 0x1f,
	0x04, 0x2b, 0x30, 0x29, 0x30, 0x27, 0xa0, 0x25, 0xa0, 0x23, 0x86, 0x21,
	0x68, 0x74, 0x74, 0x70, 0x3a, 0x2f, 0x2f, 0x63, 0x72, 0x6c, 0x2e, 0x66,
	0x69, 0x72, 0x6d, 0x61, 0x73, 0x69, 0x63, 0x75, 0x72, 0x61, 0x2e, 0x69,
	0x74, 0x2f, 0x54, 0x53, 0x41, 0x2f, 0x43, 0x52, 0x4c, 0x30, 0x0e, 0x06,
	0x03, 0x55, 0x1d, 0x0f, 0x01, 0x01, 0xff, 0x04, 0x04, 0x03, 0x02, 0x01,
	0x06, 0x30, 0x1d, 0x06, 0x03, 0x55, 0x1d, 0x0e, 0x04, 0x16, 0x04, 0x14,
	0x1e, 0x9b, 0x73, 0xd7, 0x4e, 0xd5, 0x8b, 0xe5, 0xaf, 0x5d, 0x40, 0x15,
	0x0f, 0xe9, 0x3a, 0x06, 0xb5, 0x3c, 0xf7, 0x2b, 0x30, 0x0d, 0x06, 0x09,
	0x2a, 0x86, 0x48, 0x86, 0xf7, 0x0d, 0x01, 0x01, 0x05, 0x05, 0x00, 0x03,
	0x00, 0x30, 0x82, 0x01, 0xdc, 0x30, 0x82, 0x01, 0xc7, 0xa0, 0x03, 0x02,
	0x01, 0x02, 0x02, 0x01, 0x01, 0x30, 0x0d, 0x06, 0x09, 0x2a, 0x86, 0x48,
	0x86, 0xf7, 0x0d, 0x01, 0x01, 0x05, 0x05, 0x00, 0x30, 0x66, 0x31, 0x0b,
	0x30, 0x09, 0x06, 0x03, 0x55, 0x04, 0x06, 0x13, 0x02, 0x49, 0x54, 0x31,
	0x17, 0x30, 0x15, 0x06, 0x03, 0x55, 0x04, 0x0a, 0x13, 0x0e, 0x41, 0x63,
	0x74, 0x61, 0x6c, 0x69, 0x73, 0x20, 0x53, 0x2e, 0x70, 0x2e, 0x41, 0x2e,
	0x31, 0x27, 0x30, 0x25, 0x06, 0x03, 0x55, 0x04, 0x0b, 0x13, 0x1e, 0x43,
	0x65, 0x72, 0x74, 0x69, 0x66, 0x69, 0x63, 0x61, 0x74, 0x69, 0x6f, 0x6e,
	0x20, 0x53, 0x65, 0x72, 0x76, 0x69, 0x63, 0x65, 0x20, 0x50, 0x72, 0x6f,
	0x76, 0x69, 0x64, 0x65, 0x72, 0x31, 0x15, 0x30, 0x13, 0x06, 0x03, 0x55,
	0x04, 0x03, 0x13, 0x0c, 0x54, 0x69, 0x6d, 0x65, 0x73, 0x74, 0x61, 0x6d,
	0x70, 0x69, 0x6e, 0x67, 0x30, 0x1e, 0x17, 0x0d, 0x30, 0x33, 0x30, 0x39,
	0x31, 0x30, 0x31, 0x30, 0x33, 0x32, 0x31, 0x34, 0x5a, 0x17, 0x0d, 0x31,
	0x33, 0x30, 0x39, 0x31, 0x30, 0x31, 0x30, 0x33, 0x32, 0x31, 0x34, 0x5a,
	0x30, 0x00, 0x30, 0x11, 0x30, 0x0d, 0x06, 0x09, 0x2a, 0x86, 0x48, 0x86,
	0xf7, 0x0d, 0x01, 0x01, 0x01, 0x05, 0x00, 0x03, 0x00, 0xa3, 0x82, 0x01,
	0x0f, 0x30, 0x82, 0x01, 0x0b, 0x30, 0x0f, 0x06, 0x03, 0x55, 0x1d, 0x13,
	0x01, 0x01, 0xff, 0x04, 0x05, 0x30, 0x03, 0x01, 0x01, 0xff, 0x30, 0x0e,
	0x06, 0x03, 0x55, 0x1d, 0x0f, 0x01, 0x01, 0xff, 0x04, 0x04, 0x03, 0x02,
	0x01, 0x06, 0x30, 0x51, 0x06, 0x03, 0x55, 0x1d, 0x20, 0x04, 0x4a, 0x30,
	0x48, 0x30, 0x46, 0x06, 0x06, 0x2b, 0x81, 0x1f, 0x01, 0x01, 0x01, 0x30,
	0x3c, 0x30, 0x3a, 0x06, 0x08, 0x2b, 0x06, 0x01, 0x05, 0x05, 0x07, 0x02,
	0x01, 0x16, 0x2e, 0x68, 0x74, 0x74, 0x70, 0x73, 0x3a, 0x2f, 0x2f, 0x63,
	0x61, 0x2e, 0x61, 0x63, 0x74, 0x61, 0x6c, 0x69, 0x73, 0x2e, 0x69, 0x74,
	0x2f, 0x72, 0x65, 0x70, 0x6f, 0x73, 0x69, 0x74, 0x6f, 0x72, 0x79, 0x2f,
	0x71, 0x75, 0x61, 0x6c, 0x69, 0x66, 0x69, 0x65, 0x64, 0x2f, 0x43, 0x50,
	0x53, 0x30, 0x76, 0x06, 0x03, 0x55, 0x1d, 0x1f, 0x04, 0x6f, 0x30, 0x6d,
	0x30, 0x6b, 0xa0, 0x69, 0xa0, 0x67, 0x86, 0x65, 0x6c, 0x64, 0x61, 0x70,
	0x3a, 0x2f, 0x2f, 0x66, 0x65, 0x2e, 0x63, 0x73, 0x70, 0x2e, 0x6d, 0x75,
	0x6c, 0x74, 0x69, 0x63, 0x65, 0x72, 0x74, 0x69, 0x66, 0x79, 0x2e, 0x63,
	0x6f, 0x6d, 0x3a, 0x33, 0x38, 0x39, 0x2f, 0x6f, 0x75, 0x25, 0x33, 0x44,
	0x54, 0x69, 0x6d, 0x65, 0x73, 0x74, 0x61, 0x6d, 0x70, 0x69, 0x6e, 0x67,
	0x25, 0x32, 0x43, 0x6f, 0x25, 0x33, 0x44, 0x41, 0x63, 0x74, 0x61, 0x6c,
	0x69, 0x73, 0x25, 0x32, 0x30, 0x53, 0x2e, 0x70, 0x2e, 0x41, 0x2e, 0x3f,
	0x63, 0x65, 0x72, 0x74, 0x69, 0x66, 0x69, 0x63, 0x61, 0x74, 0x65, 0x72,
	0x65, 0x76, 0x6f, 0x63, 0x61, 0x74, 0x69, 0x6f, 0x6e, 0x6c, 0x69, 0x73,
	0x74, 0x30, 0x1d, 0x06, 0x03, 0x55, 0x1d, 0x0e, 0x04, 0x16, 0x04, 0x14,
	0xf3, 0xc1, 0xa2, 0x1a, 0x80, 0x91, 0x9b, 0xef, 0xce, 0x63, 0x38, 0x12,
	0xc0, 0x9b, 0xc8, 0x32, 0xd4, 0x29, 0x5a, 0xc5, 0x30, 0x0d, 0x06, 0x09,
	0x2a, 0x86, 0x48, 0x86, 0xf7, 0x0d, 0x01, 0x01, 0x05, 0x05, 0x00, 0x03,
	0x00, 0x30, 0x82, 0x02, 0x3d, 0x30, 0x82, 0x02, 0x28, 0xa0, 0x03, 0x02,
	0x01, 0x02, 0x02, 0x10, 0x1b, 0x01, 0xb3, 0x51, 0x21, 0x0f, 0xb9, 0xea,
	0x44, 0xfc, 0xb3, 0x24, 0x1c, 0x9a, 0x02, 0x41, 0x30, 0x0d, 0x06, 0x09,
	0x2a, 0x86, 0x48, 0x86, 0xf7, 0x0d, 0x01, 0x01, 0x05, 0x05, 0x00, 0x30,
	0x4f, 0x31, 0x1c, 0x30, 0x1a, 0x06, 0x03, 0x55, 0x04, 0x0a, 0x13, 0x13,
	0x54, 0x72, 0x75, 0x73, 0x74, 0x20, 0x49, 0x74, 0x61, 0x6c, 0x69, 0x61,
	0x20, 0x53, 0x2e, 0x70, 0x2e, 0x41, 0x2e, 0x31, 0x22, 0x30, 0x20, 0x06,
	0x03, 0x55, 0x04, 0x03, 0x13, 0x19, 0x54, 0x49, 0x20, 0x46, 0x69, 0x72,
	0x6d, 0x61, 0x20, 0x44, 0x69, 0x67, 0x69, 0x74, 0x61, 0x6c, 0x65, 0x20,
	0x43, 0x41, 0x20, 0x2d, 0x20, 0x47, 0x32, 0x31, 0x0b, 0x30, 0x09, 0x06,
	0x03, 0x55, 0x04, 0x06, 0x13, 0x02, 0x49, 0x54, 0x30, 0x1e, 0x17, 0x0d,
	0x30, 0x33, 0x30, 0x35, 0x32, 0x36, 0x30, 0x30, 0x30, 0x30, 0x30, 0x30,
	0x5a, 0x17, 0x0d, 0x31, 0x31, 0x30, 0x35, 0x32, 0x35, 0x32, 0x33, 0x35,
	0x39, 0x35, 0x39, 0x5a, 0x30, 0x00, 0x30, 0x11, 0x30, 0x0d, 0x06, 0x09,
	0x2a, 0x86, 0x48, 0x86, 0xf7, 0x0d, 0x01, 0x01, 0x01, 0x05, 0x00, 0x03,
	0x00, 0xa3, 0x82, 0x01, 0x78, 0x30, 0x82, 0x01, 0x74, 0x30, 0x1d, 0x06,
	0x03, 0x55, 0x1d, 0x0e, 0x04, 0x16, 0x04, 0x14, 0x2a, 0xbf, 0xd6, 0x85,
	0xca, 0x60, 0x8d, 0xf3, 0xf3, 0x09, 0x29, 0x96, 0x02, 0x52, 0xaf, 0x7a,
	0x99, 0xb7, 0xee, 0x25, 0x30, 0x36, 0x06, 0x08, 0x2b, 0x06, 0x01, 0x05,
	0x05, 0x07, 0x01, 0x01, 0x04, 0x2a, 0x30, 0x28, 0x30, 0x26, 0x06, 0x08,
	0x2b, 0x06, 0x01, 0x05, 0x05, 0x07, 0x30, 0x01, 0x86, 0x1a, 0x68, 0x74,
	0x74, 0x70, 0x3a, 0x2f, 0x2f, 0x6f, 0x63, 0x73, 0x70, 0x2e, 0x74, 0x72,
	0x75, 0x73, 0x74, 0x69, 0x74, 0x61, 0x6c, 0x69, 0x61, 0x2e, 0x69, 0x74,
	0x30, 0x12, 0x06, 0x03, 0x55, 0x1d, 0x13, 0x01, 0x01, 0xff, 0x04, 0x08,
	0x30, 0x06, 0x01, 0x01, 0xff, 0x02, 0x01, 0x00, 0x30, 0x51, 0x06, 0x03,
	0x55, 0x1d, 0x20, 0x04, 0x4a, 0x30, 0x48, 0x30, 0x46, 0x06, 0x07, 0x2b,
	0x06, 0x01, 0x04, 0x01, 0xc5, 0x31, 0x30, 0x3b, 0x30, 0x39, 0x06, 0x08,
	0x2b, 0x06, 0x01, 0x05, 0x05, 0x07, 0x02, 0x01, 0x16, 0x2d, 0x68, 0x74,
	0x74, 0x70, 0x73, 0x3a, 0x2f, 0x2f, 0x66, 0x69, 0x72, 0x6d, 0x61, 0x64,
	0x69, 0x67, 0x69, 0x74, 0x61, 0x6c, 0x65, 0x2e, 0x74, 0x72, 0x75, 0x73,
	0x74, 0x69, 0x74, 0x61, 0x6c, 0x69, 0x61, 0x2e, 0x69, 0x74, 0x2f, 0x72,
	0x70, 0x61, 0x2e, 0x68, 0x74, 0x6d, 0x6c, 0x30, 0x5a, 0x06, 0x03, 0x55,
	0x1d, 0x1f, 0x04, 0x53, 0x30, 0x51, 0x30, 0x4f, 0xa0, 0x4d, 0xa0, 0x4b,
	0x86, 0x49, 0x68, 0x74, 0x74, 0x70, 0x3a, 0x2f, 0x2f, 0x6f, 0x6e, 0x73,
	0x69, 0x74, 0x65, 0x63, 0x72, 0x6c, 0x2e, 0x74, 0x72, 0x75, 0x73, 0x74,
	0x69, 0x74, 0x61, 0x6c, 0x69, 0x61, 0x2e, 0x69, 0x74, 0x2f, 0x54, 0x72,
	0x75, 0x73, 0x74, 0x49, 0x74, 0x61, 0x6c, 0x69, 0x61, 0x53, 0x70, 0x41,
	0x54, 0x72, 0x75, 0x73, 0x74, 0x49, 0x74, 0x61, 0x6c, 0x69, 0x61, 0x46,
	0x44, 0x2f, 0x4c, 0x61, 0x74, 0x65, 0x73, 0x74, 0x43, 0x52, 0x4c, 0x2e,
	0x63, 0x72, 0x6c, 0x30, 0x23, 0x06, 0x03, 0x55, 0x1d, 0x12, 0x04, 0x1c,
	0x30, 0x1a, 0xa4, 0x18, 0x30, 0x16, 0x31, 0x14, 0x30, 0x12, 0x06, 0x03,
	0x55, 0x04, 0x03, 0x13, 0x0b, 0x50, 0x72, 0x69, 0x76, 0x61, 0x74, 0x65,
	0x31, 0x2d, 0x32, 0x31, 0x30, 0x0e, 0x06, 0x03, 0x55, 0x1d, 0x0f, 0x01,
	0x01, 0xff, 0x04, 0x04, 0x03, 0x02, 0x01, 0x06, 0x30, 0x23, 0x06, 0x03,
	0x55, 0x1d, 0x11, 0x04, 0x1c, 0x30, 0x1a, 0xa4, 0x18, 0x30, 0x16, 0x31,
	0x14, 0x30, 0x12, 0x06, 0x03, 0x55, 0x04, 0x03, 0x13, 0x0b, 0x50, 0x72,
	0x69, 0x76, 0x61, 0x74, 0x65, 0x31, 0x2d, 0x32, 0x31, 0x30, 0x0d, 0x06,
	0x09, 0x2a, 0x86, 0x48, 0x86, 0xf7, 0x0d, 0x01, 0x01, 0x05, 0x05, 0x00,
	0x03, 0x00, 0x30, 0x82, 0x01, 0xdb, 0x30, 0x82, 0x01, 0xc6, 0xa0, 0x03,
	0x02, 0x01, 0x02, 0x02, 0x10, 0x03, 0xa3, 0xa4, 0x57, 0xb5, 0xf0, 0xf3,
	0x86, 0x4a, 0x11, 0x63, 0xe8, 0x98, 0xff, 0x16, 0x9c, 0x30, 0x0d, 0x06,
	0x09, 0x2a, 0x86, 0x48, 0x86, 0xf7, 0x0d, 0x01, 0x01, 0x05, 0x05, 0x00,
	0x30, 0x81, 0x98, 0x31, 0x0b, 0x30, 0x09, 0x06, 0x03, 0x55, 0x04, 0x06,
	0x13, 0x02, 0x4c, 0x54, 0x31, 0x2d, 0x30, 0x2b, 0x06, 0x03, 0x55, 0x04,
	0x0a, 0x13, 0x24, 0x56, 0x49, 0x20, 0x52, 0x65, 0x67, 0x69, 0x73, 0x74,
	0x72, 0x75, 0x20, 0x43, 0x65, 0x6e, 0x74, 0x72, 0x61, 0x73, 0x20, 0x2d,
	0x20, 0x49, 0x2e, 0x6b, 0x2e, 0x20, 0x31, 0x32, 0x34, 0x31, 0x31, 0x30,
	0x32, 0x34, 0x36, 0x31, 0x2e, 0x30, 0x2c, 0x06, 0x03, 0x55, 0x04, 0x0b,
	0x13, 0x25, 0x52, 0x65, 0x67, 0x69, 0x73, 0x74, 0x72, 0x75, 0x20, 0x43,
	0x65, 0x6e, 0x74, 0x72, 0x6f, 0x20, 0x53, 0x65, 0x72, 0x74, 0x69, 0x66,
	0x69, 0x6b, 0x61, 0x76, 0x69, 0x6d, 0x6f, 0x20, 0x43, 0x65, 0x6e, 0x74,
	0x72, 0x61, 0x73, 0x31, 0x2a, 0x30, 0x28, 0x06, 0x03, 0x55, 0x04, 0x03,
	0x13, 0x21, 0x56, 0x49, 0x20, 0x52, 0x65, 0x67, 0x69, 0x73, 0x74, 0x72,
	0x75, 0x20, 0x43, 0x65, 0x6e, 0x74, 0x72, 0x61, 0x73, 0x20, 0x52, 0x43,
	0x53, 0x43, 0x20, 0x28, 0x52, 0x6f, 0x6f, 0x74, 0x43, 0x41, 0x29, 0x30,
	0x1e, 0x17, 0x0d, 0x30, 0x38, 0x30, 0x37, 0x32, 0x31, 0x31, 0x31, 0x34,
	0x37, 0x34, 0x36, 0x5a, 0x17, 0x0d, 0x32, 0x34, 0x30, 0x37, 0x32, 0x31,
	0x31, 0x31, 0x34, 0x37, 0x34, 0x36, 0x5a, 0x30, 0x00, 0x30, 0x11, 0x30,
	0x0d, 0x06, 0x09, 0x2a, 0x86, 0x48, 0x86, 0xf7, 0x0d, 0x01, 0x01, 0x01,
	0x05, 0x00, 0x03, 0x00, 0xa3, 0x81, 0xcd, 0x30, 0x81, 0xca, 0x30, 0x0e,
	0x06, 0x03, 0x55, 0x1d, 0x0f, 0x01, 0x01, 0xff, 0x04, 0x04, 0x03, 0x02,
	0x01, 0x06, 0x30, 0x2f, 0x06, 0x08, 0x2b, 0x06, 0x01, 0x05, 0x05, 0x07,
	0x01, 0x03, 0x04, 0x23, 0x30, 0x21, 0x30, 0x08, 0x06, 0x06, 0x04, 0x00,
	0x8e, 0x46, 0x01, 0x01, 0x30, 0x0b, 0x06, 0x06, 0x04, 0x00, 0x8e, 0x46,
	0x01, 0x03, 0x02, 0x01, 0x0a, 0x30, 0x08, 0x06, 0x06, 0x04, 0x00, 0x8e,
	0x46, 0x01, 0x04, 0x30, 0x0f, 0x06, 0x03, 0x55, 0x1d, 0x13, 0x01, 0x01,
	0xff, 0x04, 0x05, 0x30, 0x03, 0x01, 0x01, 0xff, 0x30, 0x1d, 0x06, 0x03,
	0x55, 0x1d, 0x0e, 0x04, 0x16, 0x04, 0x14, 0xbc, 0x73, 0x3e, 0x2f, 0x9c,
	0x91, 0x0c, 0xbb, 0x8f, 0xcd, 0x77, 0x99, 0x3e, 0xcc, 0x85, 0xe4, 0xcc,
	0x58, 0x68, 0x11, 0x30, 0x10, 0x06, 0x09, 0x2b, 0x06, 0x01, 0x04, 0x01,
	0x82, 0x37, 0x15, 0x01, 0x04, 0x03, 0x02, 0x01, 0x00, 0x30, 0x45, 0x06,
	0x03, 0x55, 0x1d, 0x20, 0x04, 0x3e, 0x30, 0x3c, 0x30, 0x3a, 0x06, 0x0b,
	0x2b, 0x06, 0x01, 0x04, 0x01, 0x81, 0xf1, 0x37, 0x01, 0x01, 0x01, 0x30,
	0x2b, 0x30, 0x29, 0x06, 0x08, 0x2b, 0x06, 0x01, 0x05, 0x05, 0x07, 0x02,
	0x01, 0x16, 0x1d, 0x68, 0x74, 0x74, 0x70, 0x3a, 0x2f, 0x2f, 0x77, 0x77,
	0x77, 0x2e, 0x72, 0x63, 0x73, 0x63, 0x2e, 0x6c, 0x74, 0x2f, 0x72, 0x65,
	0x70, 0x6f, 0x73, 0x69, 0x74, 0x6f, 0x72, 0x79, 0x30, 0x0d, 0x06, 0x09,
	0x2a, 0x86, 0x48, 0x86, 0xf7, 0x0d, 0x01, 0x01, 0x05, 0x05, 0x00, 0x03,
	0x00, 0x30, 0x82, 0x02, 0x3a, 0x30, 0x82, 0x02, 0x25, 0xa0, 0x03, 0x02,
	0x01, 0x02, 0x02, 0x01, 0x01, 0x30, 0x0d, 0x06, 0x09, 0x2a, 0x86, 0x48,
	0x86, 0xf7, 0x0d, 0x01, 0x01, 0x05, 0x05, 0x00, 0x30, 0x81, 0xc3, 0x31,
	0x0b, 0x30, 0x09, 0x06, 0x03, 0x55, 0x04, 0x06, 0x13, 0x02, 0x49, 0x54,
	0x31, 0x20, 0x30, 0x1e, 0x06, 0x03, 0x55, 0x04, 0x0a, 0x13, 0x17, 0x42,
	0x4e, 0x4c, 0x20, 0x4d, 0x75, 0x6c, 0x74, 0x69, 0x73, 0x65, 0x72, 0x76,
	0x69, 0x7a, 0x69, 0x20, 0x53, 0x2e, 0x70, 0x2e, 0x41, 0x2e, 0x31, 0x27,
	0x30, 0x25, 0x06, 0x03, 0x55, 0x04, 0x0b, 0x13, 0x1e, 0x43, 0x65, 0x72,
	0x74, 0x69, 0x66, 0x69, 0x63, 0x61, 0x74, 0x69, 0x6f, 0x6e, 0x20, 0x53,
	0x65, 0x72, 0x76, 0x69, 0x63, 0x65, 0x20, 0x50, 0x72, 0x6f, 0x76, 0x69,
	0x64, 0x65, 0x72, 0x31, 0x39, 0x30, 0x37, 0x06, 0x03, 0x55, 0x04, 0x03,
	0x13, 0x30, 0x54, 0x65, 0x6c, 0x65, 0x73, 0x6b, 0x69, 0x6c, 0x6c, 0x20,
	0x49, 0x74, 0x61, 0x6c, 0x69, 0x61, 0x20, 0x53, 0x2e, 0x70, 0x2e, 0x41,
	0x2d, 0x46, 0x69, 0x72, 0x6d, 0x61, 0x20, 0x44, 0x69, 0x67, 0x69, 0x74,
	0x61, 0x6c, 0x65, 0x20, 0x41, 0x49, 0x50, 0x41, 0x20, 0x43, 0x52, 0x20,
	0x32, 0x34, 0x31, 0x2e, 0x30, 0x2c, 0x06, 0x09, 0x2a, 0x86, 0x48, 0x86,
	0xf7, 0x0d, 0x01, 0x09, 0x01, 0x16, 0x1f, 0x6d, 0x75, 0x6c, 0x74, 0x69,
	0x63, 0x65, 0x72, 0x74, 0x69, 0x66, 0x79, 0x40, 0x62, 0x6e, 0x6c, 0x6d,
	0x75, 0x6c, 0x74, 0x69, 0x73, 0x65, 0x72, 0x76, 0x69, 0x7a, 0x69, 0x2e,
	0x69, 0x74, 0x30, 0x1e, 0x17, 0x0d, 0x30, 0x33, 0x30, 0x34, 0x31, 0x37,
	0x31, 0x33, 0x30, 0x35, 0x31, 0x32, 0x5a, 0x17, 0x0d, 0x30, 0x35, 0x30,
	0x34, 0x31, 0x36, 0x31, 0x33, 0x30, 0x35, 0x31, 0x32, 0x5a, 0x30, 0x00,
	0x30, 0x11, 0x30, 0x0d, 0x06, 0x09, 0x2a, 0x86, 0x48, 0x86, 0xf7, 0x0d,
	0x01, 0x01, 0x01, 0x05, 0x00, 0x03, 0x00, 0xa3, 0x82, 0x01, 0x0f, 0x30,
	0x82, 0x01, 0x0b, 0x30, 0x0f, 0x06, 0x03, 0x55, 0x1d, 0x13, 0x01, 0x01,
	0xff, 0x04, 0x05, 0x30, 0x03, 0x01, 0x01, 0xff, 0x30, 0x0e, 0x06, 0x03,
	0x55, 0x1d, 0x0f, 0x01, 0x01, 0xff, 0x04, 0x04, 0x03, 0x02, 0x01, 0x06,
	0x30, 0x40, 0x06, 0x03, 0x55, 0x1d, 0x20, 0x04, 0x39, 0x30, 0x37, 0x30,
	0x35, 0x06, 0x08, 0x2b, 0x4c, 0x16, 0x01, 0x01, 0x01, 0x01, 0x01, 0x30,
	0x29, 0x30, 0x27, 0x06, 0x08, 0x2b, 0x06, 0x01, 0x05, 0x05, 0x07, 0x02,
	0x01, 0x16, 0x1b, 0x68, 0x74, 0x74, 0x70, 0x3a, 0x2f, 0x2f, 0x77, 0x77,
	0x77, 0x2e, 0x6d, 0x75, 0x6c, 0x74, 0x69, 0x63, 0x65, 0x72, 0x74, 0x69,
	0x66, 0x79, 0x2e, 0x63, 0x6f, 0x6d, 0x30, 0x81, 0x86, 0x06, 0x03, 0x55,
	0x1d, 0x1f, 0x04, 0x7f, 0x30, 0x7d, 0x30, 0x7b, 0xa0, 0x79, 0xa0, 0x77,
	0x86, 0x75, 0x6c, 0x64, 0x61, 0x70, 0x3a, 0x2f, 0x2f, 0x66, 0x65, 0x2e,
	0x63, 0x73, 0x70, 0x2e, 0x6d, 0x75, 0x6c, 0x74, 0x69, 0x63, 0x65, 0x72,
	0x74, 0x69, 0x66, 0x79, 0x2e, 0x63, 0x6f, 0x6d, 0x3a, 0x33, 0x38, 0x39,
	0x2f, 0x6f, 0x75, 0x3d, 0x54, 0x65, 0x6c, 0x65, 0x73, 0x6b, 0x69, 0x6c,
	0x6c, 0x20, 0x49, 0x74, 0x61, 0x6c, 0x69, 0x61, 0x20, 0x53, 0x2e, 0x70,
	0x2e, 0x41, 0x2d, 0x46, 0x69, 0x72, 0x6d, 0x61, 0x20, 0x44, 0x69, 0x67,
	0x69, 0x74, 0x61, 0x6c, 0x65, 0x20, 0x41, 0x49, 0x50, 0x41, 0x20, 0x43,
	0x52, 0x20, 0x32, 0x34, 0x2c, 0x6f, 0x3d, 0x54, 0x65, 0x6c, 0x65, 0x73,
	0x6b, 0x69, 0x6c, 0x6c, 0x20, 0x49, 0x74, 0x61, 0x6c, 0x69, 0x61, 0x20,
	0x53, 0x2e, 0x70, 0x2e, 0x41, 0x2e, 0x20, 0x2d, 0x20, 0x43, 0x41, 0x30,
	0x1d, 0x06, 0x03, 0x55, 0x1d, 0x0e, 0x04, 0x16, 0x04, 0x14, 0x42, 0x3f,
	0x0d, 0x44, 0xfd, 0x9b, 0xc0, 0x5d, 0x02, 0xca, 0x71, 0xe2, 0xeb, 0x25,
	0x39, 0x6a, 0x70, 0x03, 0x5f, 0x41, 0x30, 0x0d, 0x06, 0x09, 0x2a, 0x86,
	0x48, 0x86, 0xf7, 0x0d, 0x01, 0x01, 0x05, 0x05, 0x00, 0x03, 0x00,
};

#endif /* _OPENSC_BIT4ID_CERT_DICT_H */
